created_utc,subreddit,body
1614780007,mentalhealth,You have literally nothing to lose or to be afraid of by calling them. Just call.
1614779615,mentalhealth,"It can be related to urges to kill and it is a bad sign. Talk to a therapist regardless, it can only help you."
1614779262,mentalhealth,Do you like fire?
1614789673,mentalhealth,"Good luck then, let us know how it went"
1614788073,mentalhealth,"Does your school have a counselor you can talk to? Sometimes even a teacher might be a good option. Regardless of who, you should seek a professional.

You  also should talk to your parents but don't be surprised if they just hand wave the situation and don't care about it. Mine have when I told them, but I was already an adult and just handled it myself. They don't wanna hear about how their children might have a health issue.

Still a lot of people don't believe when I tell them I have adhd so expect that."
1614787384,mentalhealth,This sounds like adhd but can also be just a result of anxiety. You should see a psychiatrist anyway. When you were diagnosed with anxiety did you mention these symptom as well?
1614860546,mentalhealth,I would look into mindfulness practice. I have the same issue and have been dealing with self harm for several years now but mindfulness has helped somewhat. I just started 6 weeks ago but hopefully I get better with it. I couldn't take it seriously at first because mindfulness sounds dumb but it truly helps.
1614719540,mentalhealth,"I didn't see your original post but adhd seems like it. I was diagnosed with it two years ago and it made so much sense. Some times I doubt the diagnosis and wonder if I really have it, but my wife is quick to remind me that she can tell exactly when I am off my ritalin due to my behaviour.

If you are anything like me you might have trouble sleeping, restlesness and anxiety, and these might be the biggest problems. What did the psychiatrist suggested for treatment?"
1614717215,mentalhealth,"When someone is bringing notice to a mistake a person has made, the end goal is to prevent future mistakes from being made. Therefore, the response to the mistake has to be reasonable. In your case, it seems like your mistake is more a result of your aquarium being faulty (especially since you've described the leaks as being a recurrent issue). This to me indicates that your Father's reaction was waaayyy over blown to what actually happened, so in my opinion his reaction to the situation was not justified."
1614741350,mentalhealth,Those are actually super useful for me considering I have both those disorders and more. Thank you!
1614885198,lonely,"For me, I feel bad about contacting someone because I feel like a burden to them."
1614880875,lonely,I love you too
1614871971,lonely,Same I am always the friend who is left out.
1614831640,lonely,Dont be comfortable with this reality. Im in the same place as you but im very aware of how dangerous settling for “online friends” is.
1614759448,lonely,Happiest birthday to u &lt;3
1614788336,lonely,"This. This era is the epitome of “i got mine” After a certain point, it seems like nobody is open to making new friends because they already have. I do blame the internet/social media. It’s made people less empathetic and increasingly narcissistic..."
1614816390,lonely,Happiest Birthday to u!!! &lt;3
1614828795,Anxiety,i’m sorry that this happened to you :( it sounds like a stressful situation. hugs x
1614902055,Anxiety,"No, predators don't actively hunt their own species to eat. The relationships you see with humans are more akin to things like rival groups of apes."
1614703251,Anxiety,love it!
1614740070,Anxiety,"So excited for you!  Also, pro tip from someone else who hates needles. 

Grab a big ole chunk of your inner thigh and *squeeze*.  

Focus on that pain and count until its over. 

Works like a dream for me!"
1614741763,Anxiety,"honestly if it's worsening your anxiety, sometimes you're better off cutting the chord and dealing with the issue at hand first - the anxiety. I'm in a similar spot where I'vebeen considering quitting my job for the past 3 months b/c it's worsening my anxiety and i feel like i'm accomplishing nothing at work and not doing a good job since my anxiety makes me waste time and freak out over the smallest of things. 

&amp;#x200B;

i'm glad you took that huge step and made the decision! happy for you! it'll ultimately be good for you in the long run and you'll do an amazing job at your next job/degree when you're ready to go back with a clear head :)"
1614741514,Anxiety,"having had both on and off, i'd have to say i agree. anxiety is far worse...and is a lot more damaging to living your life and getting day to day tasks done.  i dont think depression can get me fired but anxiety certainly can ..."
1614836341,Anxiety,"Therapy can really help a lot and I’m glad you’re doing that for yourself. I understand the whole bottling it up thing.. it’s just how we are. Probably isn’t the healthiest way to handle it but it’s all we know . As for your family, it’s heartbreaking man. I have to try and hold my shit together everyday bc it kills me but i wanna be strong for them bc it’s not about me.. i have to remind myself that . Hope things turn around for you soon. Summer will be here before we know it and we will have some breathing room"
1614815524,Anxiety,yes!! omg yes!!!!
1614812606,Anxiety,"Of course, your post was one of the most relatable ones on this page for me lol :'( 

Here's to good times to come!"
1614772797,raisedbynarcissists,"Exactly, for all the mental/physical abuse that she put you through, this may be the only time you can get justice.

Its funny how it works doesn't it, all the pain she caused you, child abuse, covering up sexual assault... the only thing that will get her to stop is a credit card statement. This is your ticket out.

Your only 25 years old, and from what I read, she feels no remorse for her actions, and she'll do it again and again until she gets caught. This is only the beginning. I get that the credit card, the balance might seem trivial, but this is the closest that you might ever be to getting justice."
1614904316,raisedbynarcissists,"There were some nights I starved or had to scrounge up what I could because my mom and stepdad would be passed out drunk.

Moving to my dad's house still sucked but at least I was guaranteed a meal.

Sucks so much that you had to go through that OP. It's worse when people are dismissive of our experiences."
1614825621,raisedbynarcissists,"Thank you! Watching youtube videos is how I began to learn how to take care of my curly hair. I will check out Manes by Mell.

I didn't learn from my mom even though she and I are the only ones in our family with curls. I mean, she gave me some advice when I was 8 or 9, but I spent the next 10 years with awful tangled hair. She did this with many hygiene things throughout my childhood: showed me once at a young age and then left me to do it by myself, regardless of whether or not I was actually succeeding at taking care of my hygiene."
1614824815,raisedbynarcissists,"Thank you for sharing, OP! You are doing amazing, claiming the life you deserve. I hope you enjoy all of those little pleasures, and more importantly, the safety of knowing that somebody (you) is taking care of your needs.

I totally resonate with this; even though my parents weren't physically neglectful like yours, cripplingly low self-esteem made it so unnatural to take care of myself. I went from 18-24 without going to the dentist, for example. I'm 25 now, feeling like I'm only now ""waking up"", if that makes sense."
1614861604,raisedbynarcissists,This was a very interesting read! Thanks for posting :)
1614859320,raisedbynarcissists,"This might be a hot take, but I feel like it’s not normal for parents to... fight.

Like, I’ve never been in a situation with my husband where one or both of us were screaming and cursing and calling each other names. We have disagreements and we get annoyed with each other, but then we talk about it, usually in bed and definitely not around other people.

Like, why doesn’t everyone do it this way...?"
1614701854,raisedbynarcissists,"Yeah, I notice this a lot. In books where the main character was harassed by their parent/guardian, they always had a great sense of humor/sarcastic."
1614730600,raisedbynarcissists,"Yes. I'm 19, and I still live with my mother. So, while I know I don't have to listen to her, living under her roof *always* makes me feel like a small child."
1614739802,raisedbynarcissists,"A very apt analogy. It brought up the absurd memory of my NDad literally trying to convince us that his farts didn't smell bad. So, like, not even an analogy..."
1614752939,raisedbynarcissists,"The parents who suffocate their children by ""protecting"" (e.g., dismissing, dehumanizing, infantilizing) them are just as neglectful and abusive as parents who actively demean their children. The effect is the same: the parents nurture themselves, not their children. The child's self is not allowed to develop. 

Your feelings are very real and valid. Educate yourself, read self-help books for your mental health issues, go to therapy as soon as you are able to. I'm speaking from experience - I also had infantilizing parents, social anxiety, terribly low self-esteem, and thought I was responsible for other people's feelings. Now I am starting to become the person I was always meant to be. It just took me longer than people who had a normal childhood. You have to do the job of raising that little kid inside yourself that hasn't had a chance to grow yet."
1614781271,raisedbynarcissists,"They did you a favor. It angers me, how from 0-17 they have full control of your life, and abuse the hell out of you, under the pretense of ""good parenting"", so that they could feed their ego.

Then they kick you to the curb, at your most vulnerable, broken, most likely to fail.

Whatever you do, when you reach stability, dont invite them back into your lives.

So many N's kick their children out at 18 and come back in the mid-late 20s when things are good, and the kids made a life for themselves.

Selfish"
1614723046,raisedbynarcissists,"This feature of financial aid infuriates me. A young, single student's aid depends on their parents' income, with no regards to the actual dynamics of finances between parents and child. The only exception would be the rare case where a teenager has managed to emancipate themselves or live independently - an almost impossible feat for children of narcissists at that age."
1614834863,raisedbynarcissists,"I hope your username does NOT check out, but judging by the sub we're in it probably does :("
1614780866,raisedbynarcissists,"You're right, it's not always black and white. But in OPs case, OP's mom committed a crime. And she will do it again. With much worse consequences. What's next, OP's mom buys herself a house in OP's name. 

Her mom is not one bit remorseful, so even forgiveness will in turn incentive her to do it again. I get it, its hard, but this is one of the times that OP has concrete evidence.  All she has to do is report it, and cooperate with law enforcement. They'll do the heavy lifting. 

I was just saying, even when OP's mom's boyfriend sexually assaulted her, its unlikely that she will get justice for this. Emotional abuse typically gives you mental turmoil, but this is a black and white situation and this is an easy way to ease into no contact."
1614773936,raisedbynarcissists,"Im so proud of you. We are in the same boat. So many Adult children cling onto their N parents either because of trauma bonding, regression, or not being able to function by themselves. And these children go on to make new children. 

What happens? Well, they use their own children as therapy for their mental health, not knowing how to build relationships, etc.

I went NC as well, and it was painful, to say the least. I found myself in the 20s saying WTF,i didn't know how things worked and what I learned was wrong.  I saw patterns within myself, that made me realize how messed up things are. And i'm glad to say, I'm healing.

What I learned since going NC changed me and my view towards life . Imagine if I never went NC and continued to trauma bond, that would be devastating knowing what I know now.

Every so often I unearth a childhood memory and begin to process it, and i think that makes me a better person. The thing about narcism  is that there is a wide range of behavior.

No matter what we do, we always have our faults. It's up to us to take responsibility for them. Every thing you learn, makes you a better person and I'm glad you are aware of your faults, so even if you have lingering problems, its unlikely that you would be full blown Ns like your parents."
1614849213,NarcissisticAbuse,I am... 3 years deep into this exact feeling.
1614848717,NarcissisticAbuse,It's just time to work on yourself and your own goals. No biggie. Your future self will thank you later.
1614787978,NarcissisticAbuse,"Staying will be a lot worse for your child than leaving is. It will give your child space to learn safety and what normal feels like so that they will be better prepared to handle it when they are faced with disorder. 

We left when us kids were 9, 5, and 2 respectively and by our teens all chose to stop visitation altogether. As adults, we are all so grateful our mom left and got us all into therapy. 

Of course every family is different, but narcissism is not fixable and you are your child deserve space and stability to be free from that. &lt;3"
1614786301,NarcissisticAbuse,"When in doubt, think about what's best for your child. This isn't the environment you want them in. You don't want them to be hurt anymore. You need to give them that distance so they have a chance at a full and healthy life free from Narc abuse. I know my mom really struggled to leave when she thought about herself because the abuse and ""hook"" was too strong so focusing on her kids and how much she loved them and wanted better for them gave her the strength to get out of there when she struggled at the end.

You and your child both deserve better. You can't be the parent they need if you're stuck in a bad situation. You can do this. I believe in you you just gotta keep your eyes on the prize and don't be distracted by anything the N does. Words are nothing in the wake of actions.

Take care."
1614873245,NarcissisticAbuse,"Also please remember what you are feeling is natural. That you are confused and craving more shows that you are an ordered person capable of so much depth. It's tough to comprehend disorder from the outside, especially narcissism because it's so outside the scope of what most of us would be capable of. (Especially those of us drawn to narcissists who are usually incredibly empathetic.)

Some titles that I know help in breaking through that disconnect to understand it so you can let go, if you are so inclined...

\-Malignant Self Love - Sam Vaknin

\-Rethinking Narcissism - Craig Malkin

\-Disarming the Narcissist -Wendy T. Behary

\-Why is it always about You? -Sandy Hotchkiss

\-Freeing Yourself From the Narcissist in Your Life -Linda Martines-Lewi

\-Psychopath Free -Jackson MacKenzie

Take care &lt;3"
1614872757,NarcissisticAbuse,"I think the hardest part of detangling one's self from a narcissist is having to learn that everything is an illusion. A narcissist doesn't love you. They can't love you. They can't love anyone. Everything for them is projection. The only thing they are capable of loving is themselves. You are only an object; an extension of themself that benefits them. There is no you to a narcissist. You are only an extension of and way to fulfill their needs. They cannot hear your feelings or experience empathy. You are just an object. Like a blanket or a pair of shoes. You are something that benefits them until you don't and then you will be discarded. 

What you felt wasn't coming from the other person. It was a projection. It was coming from you. 

The feelings you are experiencing now and the things you are wanting from a relationship are valid. But you will not find them with a narcissist. There is no intimacy with a narcissist, only ego. 

You are worthy of all of the things you are missing. You are worthy of love, of physical affection, of intimacy, of safety within a relationship.

But chasing these things with a narcissist is an empty pursuit. They cannot offer you these things. Only the illusion of these things, and even then, only when you play their game by their rules and when they feel like it.

You are worthy of love and intimacy in all of the moments. Of someone who will value you and care for you whether you benefit them or not. Of someone who can be vulnerable with you and with whom you can be vulnerable. You deserve more than an illusion. You deserve a whole person and a full relationship, not just the shell of one.

I know it's tough. Narcs are charming, it's how they survive. And the lovebombing can feel like the kind of epic love we are all seeking, but it isn't real. And staying in that will ultimately leave you drained and even emptier than you may be feeling right now.

Keep reminding yourself that this isn't real and that a narcissist cannot love you. Keep educating yourself about narcissism. I find the greatest freedom when feeling stuck comes from learning more about what they are and how their psychology works; especially because once you ""get it"", you won't fall for it again. Work on letting go and on loving yourself just as fiercely as you did when you created that projected illusion of this other person. 

Loving a narcissist is like staring into a shallow pond. If you stare into it long enough you realize there's nothing there but a reflection. 

You deserve something much deeper. You deserve the full depth of a relationship with a psychologically capable person. You deserve all of the love you are seeking at this moment.

You deserve so much more and better than a narcissist. And it's out there. You just have to keep doing the work, and get yourself through this; better is waiting for you."
1614810278,NarcissisticAbuse,What were you coworkers like? Did they know?
1614758491,depressed,"I can definitely relate to this and extreme mood swings in general.

My issues with depression mainly translate as anger.    So this means that I can go from extremely dippy and cackling like a loon to being so angry that I legitimately want to hit someone or break something.

It's not fun."
1614810828,depressed,I know I do
1614802974,depressed,There is no psychology behind school. Learn what you can but don't worry about grades
1614796631,depressed,"Hey kid. I'm sorry you're going through this. A couple of things though - even though you may think that everyone will judge you based on your clothes in school (and many of them do), there are always amazingly nice people who'll welcome you into their group. Yeah you may not want to be associated with them, but in real life, those are the people who'll watch out for you. Why would you want to be friends with the judgemental and often popular kids anyway? Believe me - that's not what life's about. 

High school can be a tough time, yeah. Me - I concentrated my focus on other stuff. I read a lot. I taught myself programming. A few months into high school, I really couldn't care less about what people thought of me. Do stuff that'll build your self-esteem. Stuff that'll make you proud of yourself. It'll take courage and determination though. Give it a shot. Have a good day and a good year."
1614791470,depressed,"....because I'm not sure if I want to be doped up and therapy has never worked for me. Simple, right?"
1614769907,depression,"I do the exact same thing. It’s hard. I know you know deep down that those things aren’t true. No matter how hard you feel them. It sucks but you can learn to reject those negative invasive thoughts, allowing you to appreciate your success more and work beyond your limitations. You got this.

For example, I am applying to grad schools now and have extreme social anxiety. It took a lot for me to ask questions and speak up in zoom and you know what. I asked a really stupid question. So stupid. Ridiculously stupid. I hated myself. I got so mad at myself. I stayed silent the rest of the call. I kept hyperfixating on what I did wrong, how they probably perceived me, and how I could have done it better. Like you said, you’re aware of the “growth” so I won’t even mention that. Something I am beginning to learn is that people really don’t care that much. They don’t really think about what you say as much as you would think. They also definitely don’t fixate on it as much, so their overall impression of your mistake is really small. It won’t go into how they view you as much as we are often prone to emphasize it in our minds. Your own thoughts and anxieties are not a direct reflection of how people view you. No matter how real and hard it feels.

I hope this wasn’t too direct. I just really resonate with what you said. This is how I find solace to keep going. I hope you can do the same."
1614830771,depression,"I probably spent 300-400 on clothes this year, I care about my hair, weight, etc and I like to do ""things"" but that doesn't mean I don't have depression. This misconception that depressed people generally don't take care of themselves is probably what encourages folks to bottle it up or not realize they have a problem.

And then there's body dysmorphia. Pretty sure everyone with, including me, has some form depression. And exercise bulimia. Overcompensating. The list goes on."
1614830755,depression,I feel man
1614830469,depression,Stop seeing that therapist. I'm serious.
1614830352,depression,"Very common with high-functioning depression. But despite this, when things seem fine or I should be happy, there is always a void. It's like a mask and sometimes you convince yourself that everything is okay."
1614901839,depression,"Yes, absolutely."
1614798861,depression,"&gt; being validated that I’m not just being a spoiled brat who isn’t grateful for what I have

Really just makes me sad. People act like getting everything you want in life (money, things) is enough. And I can tell you that a lot of people like that, the upper middle class, aren't happy. Because it isn't really what's important."
1614896308,depression,"I just do too many of them wrong. Social life, academics, work, life skills, speaking, etc. etc. just a failure in every way possible. My family reminds me of it every day. When I go to reunions everyone just looks down at me. I get sick of it."
1614896155,depression,"I’m sorry for the late reply, but we sound like the same person. I was a failure in homeschooling and a failure at college as well. The reason why? Well, because I felt too stupid and depressed to do anything, and didn’t see the point in trying anymore after failing 1 class. It killed my GPA and now I’m stuck trying to repair it and feeling like crap when I get a lower B sometimes for reasons out of my control."
1614784530,depression,"Trust me it gets better. I went from shaking literally shaking and stuttering trying to give a presentation in 7th grade to giving weekly presentations at the end of uni. Still utterly terrified, but it’s a fear that I know how to rationalize. I can prevent it from seriously affect my psyche...on a good day that is. Don’t let that discourage you though. Progress is never linear."
1614841669,depression,"Another person that lives inside of me. My Crazy is needy and emotional and often a pain in the ass. I have to be careful with her, take her into consideration as I am going places where she has to go too, doing things she is expected to do. If I don't give her the love and care and attention she needs she'll act out and that can get ugly."
1614840870,depression,"I have been there. It sucks. 

It helps me sometimes to take some slow deep breaths. In for a 5 count. Hold. Out for a 5 count. Focus on the breath. 

I hate when people tell me to do that. It pisses me off. It is like, dude! I am hurting and the best you've got is air! 

But, it tends to work. Oh, it doesn't solve my problems, but it helps me stop crying.

Sending you love and light. 💛"
1614840502,depression,"&gt;Here I am doing exactly that

Thank you for that. I appreciate it and you. 💛"
1614775211,depression,"My grandma sounds very much like yours. She was super old fashioned tho but made THE best raisin cookies 

This is coming from someone who ABHORS raisin cookies btw."
1614805625,depression,"I have only so much energy to cope with stress and when my job stress increased  my family pressure, I've sort of lost my ability to regulate my emotions. 

I've been working from home for the last year due to quarantine, and have become even more over the last month because my roommate is using my car to get to work due to hers being in the shop. I can't even leave the house. So for the last 2 days I've been basically crying as I work. I've also had strong intrusive thoughts, particularly to just cut all my hair off. No real self-harm, but the increasing idea I should just hack all my hair off is both horrible and tempting."
1614840071,depression,Happy Cake Day!!!
1614839949,depression,I so feel that. I want to be somebody's number one...
1614880897,depression,"It definitely doesn't get rid of depression I can tell you that. It may help with my thinking but it's not a fix. I use a step counter and have gotten active by pushing for 20k-40k steps every other day. Doesn't ""cure"" anything but it is something interesting to do. I learned that I am ""happier"" outside but then that only depresses you when you realize you constantly have to be inside to do busywork bs like papers/reports etc."
1614865459,depression,"Yeah, my mom's manifested primarily as crankiness. I get it too, but I feel like it isn't the biggest symptom for me. Of course, since I am not sure the one having to deal with me, it is easy to say it is a a big deal..."
1614815722,depression,Thank you! Being placed on psychiatric hold is my main worry right now..
1614812824,depression_help,I am 24 and also have like 2 friends. Cherish the ones you have and focus on nurturing those relationships. It's a lot nicer to have only 2 really close friends than a bunch of acquaintances.
1614787262,depression_help,"A lot of people who have never been depressed just *don't know* how to react to or ""deal with"" someone who is depressed. It's nothing personal. Hell, sometimes idek how to help someone who is depressed and I *am* depressed lol."
1614781630,depression_help,"They just found out their kid has been suffering and they *had no idea*. They're probably shocked, disappointed in themselves for not noticing, and worried/trying to figure out what to do.

You did the right thing by telling them. Now I think you should ask for help getting help."
1614736341,ARFID,Worst part of every day
1614897259,BingeEatingDisorder,I go through the same cycle. I’m working on my self-esteem.
1614822261,bipolar,"I've tried so many therapists over time and have found most of them to just be generally unhelpful, wherein I felt like I was accomplishing nothing at all in therapy. My last therapist repeated himself constantly, basically acted like I had dissociative identity disorder (I do not have that), and once even fell asleep while I was talking lmao. I was lucky that my psychiatrist at the time connected me with my current therapist, who I really do like and has been very helpful so far. 

I'm sorry you're in this situation, though. It really is so hard to find someone who is taking new clients and takes insurance."
1614821936,bipolar,"I am pretty sure I am on the right med combo. I have no desire to change anything about it at all.

And yeah, I strongly advocate for myself, to say the least."
1614821830,bipolar,"Yeah, I have had doctors suggest that as well, especially since I also deal with a bit of paranoia even when my mood is stable. Thanks :)"
1614818186,bipolar,I take it all at once though!
1614810619,bipolar,"When did the symptoms appear, and what are they? I'm curious as to what to look out for and what could possibly happen. Is TD manageable for you - does it not cause major problems in your life? Thanks for replying here"
1614810535,bipolar,"I've seen it listed as high as 9% in some scientific studies but I'm honestly not sure what to believe. Apparently in a lot of cases it is permanent and sometimes disabling, which is why I'm worried. If it were mostly reversible I think I'd be a lot less concerned. 

That said, don't let that stop you from taking it unless you talk to your doctor. Latuda did save my life so even if I get tardive dyskinesia one day it will probably have been worth it."
1614880583,bipolar,"I was on wellbutrin and lamictal last summer and my memory kept fading until it made me depressed and it was hard to have conversations. I had to cancel my MCAT. It's probably actually the lamictal - it's a common side effect. For me my memory didn't improve until months after stopping lamictal. 

However maybe it's the combination of wellbutrin and lamictal that is particularly bad?"
1614811985,bipolar,How much do the symptoms impact your daily life?
1614810639,bipolar,Which ones have you been on?
1614733066,bipolar,"Yeah, just go for it\~ hair dye ain't permanent! I just shaved my head and am really happy with it tbh"
1614732968,bipolar,"Hey, that's awesome you just got accepted into a PhD program! I'm a PhD candidate who was in and out of the hospital basically weekly between 2010-2013 or so. I love research and I love being able to get paid to do it, and am hoping that my successes (when I've been stable; it hasn't been all smooth sailing in grad school) will help me get a good academic job. Finding the right meds was crucial, and having a support network is also extremely important. Your social network (I mean your ties to others, not in the social media sense) can act as a sort of ""safety net"" if you find yourself struggling - with that safety net, it is harder to fall through and hit a rock bottom type of scenario.

And yeah I've been working on my PhD for over 5 years (I took leave a few times) but it's kind of whatever to me, people have been understanding and accommodating and I am grateful for that, but also have to remember to give myself the credit I deserve for fighting through the worst of it."
1614732312,bipolar,"Honestly, I've always been scared of acid - that I'd become irreversibly psychotic, though I have had great experiences with shrooms and even grew my own! So take what everyone, including me, says with a grain of salt, but really think about if the potential positives outweigh the potential negatives. Definitely read up on people with bipolar who take/have used acid. If you tend toward having psychosis, I would not recommend hallucinogens. But most importantly, make sure it is actual acid and not a copycat chemical, because the latter can create an absolutely hellish experience, bipolar or not (hence why I grow my own shrooms, so I know exactly what I am taking)."
1614732021,bipolar,"Hey, just a suggestion: some people don't identify as male or female, and some people are not manic or depressed (they could be mixed, rapid cycling, or just stable)."
1614731935,bipolar,Sadly around ten years.
1614731788,bipolar,"I don't know what to call your ED since I guess that would be me pretending to be a doctor, BUT --- I've been there, and am sort of struggling right now with it even though I'd never really admit it to anyone IRL.

I remember I used to think I would be happy when I got skinny but also fit, and had abs. Then I actually did get a 6 pack of abs and realized that didn't make me happy, and never would. I'm happier now at a healthier weight (I recently lost a lot of the weight I gained from meds) while still not being skinny, and just trying to fight the urge to get really thin again. Idk if this is helpful, I'm sort of rambling and part of my ED stuff is because I'm trans, but yeah, please don't starve yourself. You need to treat your body kindly just as you need to treat your mind kindly to be stable."
1614731398,bipolar,"I've been taking walks at night, going to the park nearby and walking the trail and swinging on the swings in empty playgrounds. It brings me some sort of sense of contentment even when things are not going well. Honestly just getting outside at all helps at lot. It's frustrating when people keep leaving, keep fucking you over, whether it's because they ""can't handle"" your struggles or because they're just selfish and cruel, but it's also a reminder to not be that way when a friend reaches out to you. I guess my point is to find something that brings you peace that you can do on your own, privately, no matter how silly (like swinging on the swings in a playground at night) it seems."
1614738765,BipolarReddit,I take Abilify with immediate-release Ritalin and it works great! I’m in college too and I’m focusing a lot better.
1614796614,BipolarReddit,thank you so so much. i started crying so hard reading this. i haven't felt this understood in a long time. this is so refreshing to hear. thank you.
1614845206,BipolarReddit,my ex bf said that to me too. sorry to hear you went through that.
1614821587,BPD,Anyone able to do a comparison of this vs Daylio?
1614843799,BPD,"I did, they decided I wasn't a danger to myself or others, then abruptly stopped my therapy, saying I probably wouldn't need to come back. Okay thanks? I asked my school's mental health drop in if there was bpd support at my university other than just the disability resource center, no. With online school, I don't have the reminders of seeing people around and I constantly miss assignments. It's been demoralizing; my mom's dog died unexpectedly of cancer so I was in a cloud for 7 school days, sank my chances in a course. No leeway from profs."
1614874134,BPD,"Being aware and mindful of your emotions/thoughts is the first step to being able to cope with them. It takes time, but you can get there!"
1614871369,BPD,Mulva?
1614704417,BodyDysmorphia,What about your looks or body bothers you?
1614719363,BodyDysmorphia,"I agree that it would be nice to see more positivity and ways to deal with BDD, but I also think that venting can be a powerful tool for people to express their emotions. Something like flairs to help separate posts would help this a lot imo."
1614812403,BodyDysmorphia,I’m glad I could help! Your struggles are definitely heard and understood by many people here. :)
1614805500,BodyDysmorphia,"Yes!! I suffer from it a lot. Therapy and anti-anxiety meds have also helped my BDD a lot in general. Please reach out for help if you need it.

Here are some things that help me personally: 

-The ugly filter trick: you basically put on an ugly filter like the face stretch one on tik tok that completely distorts your face. Sit with it for a while and then take it off—your face should look new to you and look better.

-Keep photos of your face that you really like, and look back at them when you’re feeling dysmorphic. If you end up “ruining” a photo, that’s okay! You don’t have to look at it.

-Recognize and remind yourself that you have an obsessive-compulsive disorder, and that the thoughts you have most likely are not a reflection of reality. Just as somebody with OCD thinking that if they don’t knock a certain amount of times their family will die, your thoughts of your face being ugly is likely not true. Challenge your thoughts, no matter how hard it might be.

-Think about what you would tell a friend who suffered from the same problems you do. I bet that the compassion and kindness you would have for them would be great, and you would see their face much differently than they did.

-Try to avoid black and white thinking. The reality is that not only is beauty subjective, but if you constantly try to adhere to standards that don’t even exist, you’ll never be satisfied. You don’t have to have perfect makeup and dress to *not* be ugly, you’re allowed to be insecure about some features, and you can have bad appearance days and good appearance days. None of this means that you’re ugly, and I bet that you’re not ugly either if you’re having the worst hair and clothes day of your life.

These are just some things that have helped me. I know how hard it is, friend. Stay strong."
1614894711,BodyDysmorphia,"This definitely happens to me!! It’s really frustrating because I know I have the capacity to feel decent about myself, but I can’t bring myself to when my BDD gets really bad. It also doesn’t help that I have BPD and am bipolar. I’m a whole different person when it comes to my BDD when I’m manic or depressed or going through BPD really badly."
1614735424,EatingDisorders,"(this is my post) thanks for sharing! i just was so curious. i struggled so much with insecurity surrounding my body and when this habit began i didn’t even realize i was doing it. i wish i saw someone for help. 

i somehow felt happier when i was as thin as i was , which surprises me because i had little to no nutrient rich foods."
1614735374,EatingDisorders,ah okay. i understand now.
1614734996,EatingDisorders,interesting.. i always associate anorexia with strictly throwing up  (which i never did as i have a fear of barfing)? but i guess these were the early signs of anorexia ?
1614734977,EatingDisorders,"hi everyone. this is my post, if you have any questions/want more info, feel free to reply to this message !"
1614707243,ForeverAlone,"Very true but the sad thing is I don’t live near the college at all so even if I were to get involved I’d be involved in zoom. It’s not real life interaction, so I rather not waste time doing zoom meets. At the end of the day it won’t help if everything is virtual. All my classes are asynchronous so I don’t even talk to my peers. 

You’re right about the high school girls worst part is I just follow them on social media I barely even talked to them in school. Maybe I’ll hit them up but it would be kinda weird."
1614705788,ForeverAlone,"Sounds like he has almost everything you want from someone, except for one huge thing."
1614705728,ForeverAlone,"This feeling is inescapable, because it’s evolutionary. those who try to stop it from happening will eventually be back."
1614705613,ForeverAlone,"Because you’re the only one who can love yourself unconditionally. You’ve only got yourself. No one else does. Not your mama, not your papa, nobody. 

Besides, being contingent on how “good you are” in life in order to love yourself is going to be a mess, regardless if you’re you or the chad next door. Things will never be right, or perfect but all you have to do is show yourself you tried."
1614705255,ForeverAlone,"I know you said you don’t get much attention to begin with, but he seems toxic and you might be happier without a person like that around, after all you deserve to feel wanted and happy. 

I hope that you’ll find it in yourself to be accountable for the things you really want in life."
1614701605,ForeverAlone,I’m probably going to graduate before I have the chance to go back in person.
1614698830,ForeverAlone,"So it sounds like none of this is any of your fault at the moment and it’s just a waiting game until it’s back in person. Will there be less chances? Maybe, but it just means you have to capitalize on the chances you will get. With the waiting game you could do some self-improvement activities if you’re up to it."
1614831184,ForeverAlone,Nothing really. Just don’t like when things aren’t going right for me at all.
1614820482,ForeverAlone,"Sometimes it pays to be primal... because you’d never have these thoughts. All you’d know is one thing, and that is to survive and reproduce then die. 

As much as our awareness of our existence can make us feel sad, I’m also happy that we as people also have this capacity. 

That also means we are equipped with the brainpower to be able to do great things."
1614820308,ForeverAlone,I left a romantic relationship 2 years ago that I was in for 3 years. Since then I’ve struggled to form proper relationships with people in general.
1614889253,ForeverAlone,"Yeah absolutely, and In the context of OP’s situation, it was definitely racist."
1614720869,ForeverAlone,I suppose they weren’t true friends.. sorry about that..
1614740831,ForeverAlone,JUST
1614809405,ForeverAlone,"While I don’t agree with OP’s soy boy post, everything we do is transactional. This is why you’re here in FA, because you don’t even realize this. 

All relationships are transactional. You give something to them, they give something back. You’re thinking of transactional as something robotic, it’s not. It can be naturally transactional. Example; She gives you sex because you provide her with a secure relationship."
1614808832,ForeverAlone,"This is why I’d never go into healthcare, it sounds insane unless you truly want to do it. Sounds like it made you almost insane. 

I’m glad you put in your 2 weeks, it sounds like this job was really stressing you out."
1614808399,ForeverAlone,"I feel like if this were true it would be able to be scientifically proven. 

In most cases it’s because of lack of social skills, opportunities lost or a lack of them, or you’re ugly. 

The one out of your control is opportunity. Let’s be honest some people just get lucky. I had plenty of opportunity in high school, I messed up and now at 20 I’m stuck."
1614808184,ForeverAlone,"They are bullshitting you. 

I don’t think you absolutely NEED a relationship to be happy, but it definitely can increase your happiness. 

Humans are social beings, we crave intimacy and sex as well. To say a relationship won’t bring you happiness is them either coping with the fact they can’t get one or they were so hurt in one that they hate relationships."
1614807785,ForeverAlone,"To be honest I think you’re over thinking it. 

You should be lifting and grinding for yourself, but you actually have to talk to women. That’s the real issue and I realized this recently.

I can hit the gym all I want but if I don’t actually talk to a women I’ll never get with one."
1614801464,ForeverAlone,"People can get so busy in life. 

Or it’s that she thought it might be easier to ghost you instead. People are ruthless my friend."
1614801376,ForeverAlone,"Because people hate it when it looks like people are complaining or giving up, because people can’t stand things that sound like complaining. They also don’t want to be the one to stay silent and say nothing because that’d seem like they agree with you, and nobody wants to admit that things are hopeless. 

So coming to the conclusion is not wrong, people don’t want to face it and don’t want to see other people complain about it either. 

Not saying you’re complaining, but it may seem that way to a lot of people."
1614833409,ForeverAlone,"It’s almost funny isn’t it? They’re worried about every little detail and can’t seem to decide on how to feel or what to do, when it’s actually an extremely simple reality for some."
1614885038,ForeverAlone,Imagine telling anyone how to feel lmaoo
1614884939,ForeverAlone,"They’ve probably never experienced it, or they actively try deny its existence, as to invalidate your feelings. Stay strong brother."
1614884672,ForeverAlone,"You’re right about this, that person up there wildin"
1614884523,ForeverAlone,"To be completely fair to OP, she did say “blacks” specifically. She did not need to single out a whole group of people. She could have just said nothing about it. It’s a different story to single out black features or darker skin, but she singled out black folk. 

I’m pretty sure that this is racist, just be the fact that there was literally no point in needing to mentioning someone’s race.

Edit: distinguish the difference between saying “I don’t really like the features of black people” vs saying “Ew no I don’t date blacks”. Sounds like hatred to me. We’re all smart adults here, can’t we admit this is coming from a place of hate?"
1614884261,ForeverAlone,"They use it as a cover up to be racist and reject people based solely on one thing. 

Don’t let the guise fool you, it’s based on hate and racism."
1614882982,ForeverAlone,Not a virgin
1614880966,ForeverAlone,"No, because you have experienced it. You’re still welcome to this sub cause why not man."
1614880365,ForeverAlone,"Yes, I have narcissistic parents and they are half the reason why I’m FA. Definitely a good observation."
1614879972,ForeverAlone,"You hit the nail on the head. I saw that post too and honestly I was surprised to see such a take being upvoted on the more mainstream sub. 

Even on Ask Men people were starting to develop more realistic mindsets. There was a thread asking men why they choose to stay single, and guess what. One of them flat out said the dating game is too rigged and people agreed with him. It looked depressing but I think people are starting to realize the mainstream narrative is bullshit."
1614777649,ForeverAlone,"Imo, it’s something that tends to not go anywhere, even for the regular but success people. People tend to forget or flake anyways. I’m pretty sure you have to be very “top notch” to really have people go out of their way to meet you."
1614777555,ForeverAlone,Goodbye.
1614826352,MMFB,I'm toughing it out sure but it doesn't matter what do ever if I fail it over and over.
1614826189,MMFB,I have.  I just can't do anything about it
1614710047,schizophrenia,"Yes but empathy sometimes impacts the person treating you on a same or stronger level. 

If they are a real empath, they are feeling for you and it shows as extreme discomfort.  That’s what makes empaths so good at caretaking roles, your pain becomes their pain, and they know how process it within themselves or have already in the past."
1614747571,schizophrenia,"Rule number 8 do not diagnose anybody, you should talk to a medical doctor not reddit"
1614713389,schizophrenia,"Wow you are so lucky, those types are so lazer  focused on their ability to help.

Happy for you

How did you find them?"
1614830384,socialskills,"Your bf should probably step in, tell them about how you are, granted as you said you created this stigma but slowly work on hanging out with maybe one other individual after your bf has filled them in and you should come out and per social interaction let them know you don't mean to be short or come off as a ""bitch"" you just have anxiety and aren't great at socializing.  Work on finding some kind of middle ground with people and show your interest and maybe they might ask you more about yourself but realize you need to elaborate more than 1 or 2 word remarks since you have already come to terms with that only thing now is to build off it."
1614828723,socialskills,"Keep things light and surface level. Since you mentioned that you were on “okay” terms, that gives me a hint that you wouldn’t really divulge too many personal details with them. In this case, it’s safe to talk about the highlights of your life over the past 2 years as opposed to any past or current problems you face(d). Approach your hangout in a very light-hearted manner and you will enjoy it for what it is. Have fun!"
1614875801,socialskills,Its no point. Therapy doesn't work
1614875781,socialskills,"Ok, so there is another situation. I have one Indian friend who lived in troy, mi. I met him 7 years ago, and we have clicked since then through the common Indian typically parties. In March of last year, I call him 300 times using a private number and stalked him and his friends. I was told a few times to stop, but I thought he wouldn't care. He hasn't blocked on all social media. But denies that he has a Snapchat, but he actually does base on some research. In the next few months, my mom plans to invite his family to our house for some time since my dad got vaccinated. He is most likely going to be there—any advice on how to reconcile my relationship with him. Every time I message him, he cusses me out. I also don't have a good reputation, so at the time, I was stalking him and his friends; the news was slowly spreading around his friend group, and one of his friends passed a bad note about me to him. He doesn't take me seriously anymore when I call him. He often acts like I did something wrong even after 3 months. I haven't called him directly for about 3 weeks and don't have any plans to do so. Any advice? I want to be friends with him."
1614803129,socialskills,My social skills are one thing that's made me nervous about applying to a professional fraternity. Thanks for the tip!
1614809542,narcissisticparents,Bruh my n mom posted this too. It doesn't excuse your abusive behavior. And she forgets she told me I should have been aborted when I was 7.
1614848798,narcissisticparents,"Agreed my mom still thinks she's a great mom for having a daughter at 17. In reality, she made me do all the chores, beat me every day. I had to had straight A’s or I was useless. Then when she had my brother I was basically his mom, I gave him baths, changed his diapers, cooked for him and much more. Ever since she kicked me out at 16 I’ve been making it on my own. She takes credit for making me soo independent at a young age."
1614848476,narcissisticparents,Exactly my mom only talks about the “good” she did in my childhood when in reality it was horrible! She put the bumper sticker on back then and constantly posts things insinuating she was a good mother.
1614706532,SuicideWatch,You need an insane amount of pills to kill you instead of leaving you with a crippled liver/kidneys.
1614899513,SuicideWatch,I’m doing a little better. I went on a new med recently that seems to be helping.
1614705910,SuicideWatch,"A belt will definitely snap in half. Hanging rarely kills. It is most likely to leave you with permanent disabilities however. If you're bent on killing yourself, you shouldn't be asking other people how to do it. Anyone who helps you can face criminal charges. You should do your own research."
1614764086,SuicideWatch,this hits close to home :(
1614811134,SuicideWatch,"I have similar issues... I am in university in a field I'm really passionate about but atm I'm failing alot of my third year courses. Life is so hard. But the advice I'd give you is to fake it till you either make it, or fall short like me. I could have never tried in the first place, but then I never would have known I couldn't do it. Which is valuable, knowing your limits. Even as painful as it is to fail."
1614702286,SuicideWatch,"Suicide is never an answer. If your sister says that, Chuck it, think of your parents or someone who loves you and imagine how miserable they would be if anything happens to you. You’re precious, Take care"
1614744205,SuicideWatch,"Well it's been (over?) two months and I guess I can safely say at least I'm still here. I'm feeling a bit better (ups and downs) but I'm still thinking about dying almost every day. It's hard to say that to people irl, lol, especially since technically things have gotten wayyyy worse that I was when I made this post. I know you're probably on this sub because you're having similar feelings, so likewise if you need to talk about anything I gotchu fam. :)"
1614819925,SuicideWatch,"Agreeing with some of the other commenters here, but I would probably write notes for a couple of my close friends and family, but I would like to die somewhere where no one would ever find my body, and for me at least I think that's probably possible. I really wish killing myself wasn't so hard."
1614818342,SuicideWatch,"That's very kind of you to say, I used to think I was a smart person, but unfortunately the truth is I'm not."
1614835448,SuicideWatch,"You're an insolent fool who doesn't understand pain in the slightest. Coming here and mooching off the hurt with your ""god"", set to brainwash the masses into your cult following. You're not spreading positivity, and even then, it's nothing more than a hack, all you're doing is selling snake oil. You're human waste, the scum of the earth."
1614841504,SuicideWatch,Thanks for the reply.
1614840810,SuicideWatch,"Yeah, I'm not sure if even wanna be alive to find out."
1614814656,ucf,I would agree that it varies a lot by major/professor. Is there any specific class or major you were looking at?
1614811662,berkeley,Reddit needs to make an updated version with real fucked up reviews about the professors.
1614842494,berkeley,"I've thought the same thing - it just seems inconsiderate and downright rude to me honestly (I'm from the east coast). If I have plans, I make it a priority to be on time to show respect for the other people involved. I've had people show up an hour late, making me wait even though I have a bunch of other things to do, all for them to act like nothing was wrong. Other times someone doesn't tell me they can't make it until right before or after the time we were supposed to do something. I'm not sure if this is a California thing or not but I feel like shit every time this happens"
1614740330,UIUC,don't forget Edgar padilla jr
1614824005,ryerson,Ye boi
1614900788,ryerson,"ah okay! psych is a 4 year program. 
i’ve had a hard time getting a 100% confirmation on this topic about honours so i appreciate that! i just don’t want to finish my bachelors and then find out it’s no good and i can’t apply to any grad schools lol."
1614895525,ryerson,The fact that all the required reading and often what the profs write is so unnecessarily dry and boring doesn't help interest either.
1614765161,ucla,"It's been done before, usually didn't go through"
1614878908,ucla,The brain on infinite scroll 😅
1614878395,ucla,This is an old movie but Napoleon Dynamite 😂
1614745344,ucla,I feel like my sleep cycle is a few hours later since lockdown started. Just readjust by going to bed earlier as often as you can.
1614738728,ucla,"Maybe, better to be safe than sorry."
1614791549,ucla,I can't take a whole day off but talking half a day off is fine
1614790059,ucla,It's boring and hard at the same time
1614790032,ucla,More like 10 am to 2 am or 8 am to 12 am but same
1614859232,ucla,"How many roommates do you have? I'm trying to find someone to take over my lease for my 3 bd apartment but it's kind of hard to find people because its expensive, $6100 a month, not including utilities. I share the place with 6 other people and we each pay around $900, it's the apartments right above Trader Joe's, across the street from Target!! PM me if you're interested :))"
1614841238,ucla,80? wow
1614725140,ucla,hi yes i want to return to campus some day
1614871672,UTAustin,"Try out some meditation apps, have self care days, and try to do something productive. It helps a lot."
1614903368,UBC,"Well, you've obviously never been sewered on a group project then...."
1614898119,UBC,"It's just moved to zoom groups. I got excluded from a group project because they wanted to sewer me, so I called them on their lack of knowledge during the presentation. I regularly get discriminated against due to my disability."
1614711224,Cornell,glad i could help 👌🏼
1614709393,Cornell,now i have a new worst fear
1614705335,Cornell,it's okay 😞✊🏼it was bound to happen eventually
1614810807,UCSC,Saw that it's down on some other university's subreddit
1614733312,stanford,"Not a good question for this subreddit. But it'll take a delicate balance of stuff for you to get in. Only GPA won't get you in and neither will only publications. In fact, even having them both doesn't mean you'll get in"
1614742072,uwaterloo,"I totally understand how you feel and i'vebeen there before. this too really shall pass. please for the sake of your loved ones, give them a call and talk to your family and best friends! sometimes it takes a small bit of laughter to make you realize that the suicidal thoughts is the anxiety thinking, and really not what you really want!"
1614788965,UofT,Man i fkn miss this
1614808018,UofT,A book agent or editor in the book publishing industry! It's a pretty big industry so I'm hopeful I'll end up somewhere in there!!!
1614807551,ASU,the irony of risk management hurts
1614711207,uofm,Do you think a 3.80 will get me in?
1614710776,uofm,"Man, when I think of the Ross School of Business, I think the exact opposite. I thought they teach you a lot more and get you prepared. It seems like these places, such as Mckinsey, are often hotshots, and they like people who act smart."
1614875472,uvic,"That's always the bad part about group work... It becomes less of a problem as you get into higher years, but in first year it can be especially bad. But 110% tell the prof."
1614881276,UGA,"I’m in FREN 2001 with a grad student and she’s really good. I took 1110 with a different grad student and that class was a little harder being accelerated, but the French program seems to be less work heavy than Spanish based on what I hear from my friends. I don’t know about 2002 though."
1614801006,UWMadison,No college is worth OOS tuition until 100% in person comes back
1614756786,WGU,"I fully agree with your statements; always get the person asking if it is accredited and it is and then they always come back saying they rather go to a more well known school or go to a school that is in person...well now they are kicking rocks due to covid haha.  But still WGU has given me the chance to do stuff around my schedule, I tend to complete about 6 courses per semester and plan on really getting down to it this upcoming semester since I only have 9 courses left to get my bachelors in cyber."
1614747993,WGU,"I passed the course in my first semester, the PA was similar but would highly recommend just skimming through all the material and doing the practice test at each of the modules, maybe could even find a quizlet to remember history in terms of each generation since I felt like there was a few ""gatcha"" questions on the OA."
1614821533,WGU,A simple switch to a combo box... -sigh-
1614877775,WGU,Working on downloading the app so I can message but interested!!
1614900368,WGU,"My mentor got another job, but I haven't heard from my ""new"" mentor in weeks. Even though I directly emailed him."
1614717943,UCalgary,"I feel like professors, such as the CPSC319 professor, seem to forget that he isn't teaching a high school class, but people that are paying thousands of dollars a year to learn the material."
1614819117,uAlberta,"Vote for ""None of the above"". I wasn't going to vote either until I learned that that was an option."
1614818929,uAlberta,I'm feeling the same. I got off to a late start at no fault of my own. The engineering faculty didn't enroll me into any classes till the day before the deadline. The whole semester has pretty much been one giant game of catch-up. I haven't had the motivation to touch coursework since reading week. I just want it to end already.
1614818745,uAlberta,"It definitely is not the ""Tuition Fee""."
1614818701,uAlberta,Fuck the UASU
1614868383,uAlberta,"Yep, you're right. I was frustrated about the same thing and I cast an unpopular opinion to hear what people had to say. I'm glad you spoke up instead of blindly downvoting."
1614791796,uAlberta,You gave me a new perspective. Thanks a bunch.
1614818471,uAlberta,"I was going to skip until I learned that NOTA was an option. I wish that would put that as an option on local, provincial and federal elections as well."
1614842903,uAlberta,"The comparison isn't meaningful because I already stated how awful the UCP is. We should've stuck with the NDP after almost a century of Conservative incompetence.

Tbh, I don't even know what a student union does that positively affects me. From what I've heard, UASU has been incompetent for the past three years as well. The pandemic changed practically nothing about them. Yet I'm paying several hundred dollars a year in fees that these idiots are wasting. The SU in my high school was no different. Just a bunch of happy-go-lucky toxic privileged pricks who joined the SU to improve their résumés/portfolios."
1614783069,uAlberta,I feel the same way about my eventual engineering degree. Every time I wake up I ask myself what am I doing this all for. I hate feeling this way.
1614801760,uAlberta,Your words have been more encouraging and empowering than anything else I've heard. Thank you so much dude.
1614708039,college,"I had some idiot tell me to ""shut up"" my freshmen year when I insisted we get together to work on our project... we didn't even start on it until the morning of its due date because nobody wanted to do shit. Not sure why I didn't bother to cuss him out and go to speak to my professor at the time.

And then in one of my programming classes, I ended up being the one who got the program to work correctly and everything.

I don't know I do hate groupwork. It should make learning more engaging and efficient but it does the exact opposite, and I've heard that in the real world, teamwork is NOTHING like it is in school. Go figure."
1614707688,college,"Blackboard is really outdated, shitty software. It's not like Canvas and I haven't heard of anyone ever being questioned for how they kept switching tabs. More so, taking tests/quizzes in record times that seem too impossible to be legit. Don't cheat, but a lot of quizzes/tests should be open book if they're not proctored in anyway. That's usually how my classes do it, unless they give you like 1 minute per question."
1614707471,college,"No it can't, stop lying."
1614705104,college,I think it depends on your major and your learning style. It's definitely not a must. A lot of online readings/writings you can just split your computer screen. But for more elaborate stuff on your computer (i.e. I had to do a lot of video editing in college) it can be useful to have. I honestly just had a small tv that I bought an HDMI cable for and did it that way. Worked find and meant I could watch stuff on a bigger screen if I wanted to watch a movie or something in my dowm.
1614829201,college,Yeah. Thank  you!
1614827491,college,"If you can’t find the Professor, i believe you can add it to your school on RMP"
1614827409,college,"Pros: you’ll be saving tons. If you get fed/state aid, you’ll probably get a full ride.

Cons: Lack of opportunities to be social/find friends"
1614885464,college,"I failed an exam in accounting as well, so I feel you. In fact, I think I was the only student who did. 

And you know what's the real kicker? The week after that test, the professor posted an announcement stating that ""if you've failed Exam 1, you WILL NOT pass Exam 2."" 

In other words, she's saying we're screwed the rest of the year and there's no point in trying."
1614895851,college,"It’s an asynchronous online class that uses Pearson. The tutoring/meeting sessions are at times of the day when I can’t make it, and she’s really strict about deadlines. I honestly can’t say for sure if the teacher is harsh or not, but one thing’s for sure, if the teacher says I can’t pass the next exam then she’s probably right. I’m not going to try and act like an inspirational hero who can prove somebody wrong. It doesn’t work that way in real life."
1614699804,college,"""When I eventually get married"" 

Got some bad news for you. 

It's best to learn to love yourself first."
1614794713,college,"""Excuse me, we're here to discuss X and I just said X. Can we not be catty and have this discussion like adults. Thanks""

They wanna be a bitch, be a bitch back. You deserve basic respect. If it's a recurring issue then talk to your professor."
1614840084,college,"I see no point left honestly, there's really no other option other than quitting. It's been 15 years, or so or more and I haven't had a day where something didn't go wrong. There's really no light at the end of the tunnel in my case, I am just someone who needs to be destroyed, i'm a defective unit, a plague to my family, and a disease to those i've come across. I deserve to die. I can't find anymore friends in the time of covid, and the only people who even talk to me now are a million miles away, and hardly have time to do anything as they are adults with their own lives whom actually know how to handle things, or are in high risk jobs, ER-docs, Engineers etc."
1614839867,college,"There's no minimum required, you either take the courses or you don't in my school. I can't do med, mostly because I need two more years of highschool biology, chemistry, and additional maths, that I didn't pass, (I barely passed regular maths), to even qualify for my premed and medical degree. Even if I go back to take 3 years 2 + prep and do something that I know I can't (additional maths), I still have no guarantee I will be accepted atop it. I can't join the military sadly, I am autistic, and well medical issues of my own (a lot which some chronic since they never want to piss off), have ended that as well. I mean, I can switch schools sure, but...nothing really has anything else to do, so it's kind of a no-deal either way here. Best I can muster for med is to be a EMT, and that's with goddamn luck that I don't have, because I don't think they offer that to people without medical training here."
1614839005,college,"There is shame in my regards what remains of my family will hate me. And yes I am in my 20's. As it is, my mother were taking care of me before they passed away too, because of said autism, and in turn not knowing how to live on my own. No I don't have a support system, I have no family that cares no friends really, and nothing otherwise. Therapy doesn't really help me even when I try for it, and meds only stop some of the pain for some hours."
1614876764,college,"As much as I hate to say it, I am not really worth anything, and I sure as hell don't matter.  There's a tangent on that, but I don't want to bring anyone down, so i'll leave that one there. As it is, i've done therapy, didn't work, we don't have hotlines here, and I sure as hell don't want to go to a ward in this country, it'll be torment. I drive myself insane being in my house already, in a ward i'll faster jump off the roof. I don't have any friends, I can't quit school, i'll look like a joke, and my family will disown me (the ones that are left anyhow, and to be frank, that means getting put on the streets), i'm too fucked up to get a job other than fucking subway, I have no money to move let alone jump country, and everything else I try to make me happy has been dusted. We don't have things like disability centers and whatnot in my school, they have my paperwork saying i'm autistic, but they don't really ever reference it. In the end it comes down to if I can pay, and if I can do the work. If I can't as my lecturer once said, ""you need to simply give up and realize this is not what you're good at."" In reality that's life, so it's telling if anything."
1614894289,college,"My advice would be to email your professor about the problem. You could ask if they could call on you at some point during the discussion. Or maybe they’ll have some other suggestion. 

You’re not the only one with this problem. I hate it too. Good luck!"
1614730666,college,"Private and public colleges will get you the same education, but at a different price rate. Keep this in mind!"
1614782935,college,Alright thanks !
1614807535,college,"girls like that suck so much don’t sweat abt it and you’re not worthless don’t ever think that bc of a few stupid self centered bitches. i know how you feel and sometimes we have to sit back and realize we’re the problem, people are just ignorant and mean. hopefully they’ll end up in the situation you were and feel just as bad i mean karmas a bitch right? regardless you’re fine okay? don’t let them make you upset they’re not worth it and if u ever have the opportunity be petty and ignore them right back 🤷🏻‍♀️"
1614807049,college,Check DM
1614815530,college,"I'm currently in Faculty of Science doing my pre reqs to apply for Medical Lab Science. Thank youuu, i'll try to talk to an academic advisor."
1614814826,college,Yes.
1614814802,college,"Fine arts. Lots and lots and lots of projects, but those are the two classes I'm passing haha. I feel better now however, and you're right about all of that. :)"
1614811659,college,"No, not necessarily. Some professors are stricter than others, especially literature or speaking classes."
1614838654,college,"I'd prefer to not say that for security concerns. But I can say it's nothing with any structure or the like, so it really doesn't have any modern options per se."
1614838430,college,"I've tried hundreds of things, the only thing I have some talent in has no openings in my country, i'm fucking useless here."
1614838171,college,"I haven't gone far, I have gone to my second year and burnt right there. I can't take another break, I already had a year off, any more and i'll probably be marked for suspension. I've talked to them, and they had to wane it for all of the shit I went through already, as I tried to shamble through the last year, but couldn't send off a damned thing so had to retake everything. Now it looks like a year off, and if I take another? I'll be brought before a board most likely. I have nobody to reach out to, the people I know are annoying, and everyone else fucked off out of my life or are dead. As for taking something else? The only thing is medicine, but I dropped out of high school too, so there's no chance of that, I didn't even want to do IT, I wanted to be a Royal Marine, but I got fucked over with autism. And well I can't take one due  to the online situation either, I have no choice, through sickness or otherwise, I have no other choice, either do it or drop out, and considering i've been sick nearly all the year, it's no choice."
1614836631,college,"Oh believe you me, i've given up. I am just waiting to see if I should drop and hang myself."
1614867890,college,Why are we even in college
1614867778,college,"We have a lot in common, I also graduated from CC during covid and now I’ll probably lose out on the slight college experience I could’ve had."
1614740834,college,"Thank you, I'll be contacting them soon and evaluating what's holding me back."
1614720750,college,"Honestly I felt the same, I went to get checked out at the eye doctor and it turns out I have an astigmatism. I would suggest getting checked out. I’m sorry it overstimulates your nose. It took me a month to get used to my glasses but they’re very helpful."
1614717534,college,"Go shoot a basketball a few times a day. The eye tracking will keep your lense strong and keep you from losing its mobility.

Or find something similar, throw a frisbee around with a friend or play frisbee golf on your own.

If you are doing screen time, sit in a window so your attention is pulled out and your eyes refocus constantly."
1614717487,college,"Cheers, and thanks for the message"
1614717437,college,"My eyes are getting bad too.. I have a lazy eye and I've been fighting it for years so that it could work kinda normally. The screen time is making it so much worse, and I hate it."
1614717320,college,"I actually really wanted to cause i see the camaraderie they have after going through training, i have health issues that disqualify me tho lol"
1614800994,college,Thank you
1614766517,CollegeRant,Present
1614746779,CollegeRant,"

wow thanks for your advice! I didn't even think about that! and a lot of future-transfer students can use this!"
1614726470,CollegeRant,"Honestly, some community colleges set their students up for failure. They will omit information that will eventually hold you back or lead you astray with classes you don’t even need. The concept of transferring SEEMS easy, given you have the right connections to good academic advisors. But the reality is far from that. Most of the advisors don’t really give a damn about the students they are paired with for advising sessions, because there’s so many of them. Coming from a CC, I feel your pain 100%. When you transfer, try to get in contact with someone who is well-connected in your major and form a relationship  with them. They are usually the ones who are actually invested in your growth, as opposed to the sea of dismissive faculty at a CC. Best of luck, you are not alone in this situation!"
1614726141,CollegeRant,I think about it every time I get overwhelmed with assignments. So it kinda lingers
1614723713,CollegeRant,"I've never heard of a university denying you based on a class you haven't taken and then being screwed because your CC doesn't offer the required class. Normally they would just tell you that in order to get entrance, you would take that class at their university and then you'd get in."
1614712491,CollegeRant,Summing up my life rn
1614826311,CollegeRant,"It's survey of mathematics. It's supposed to all kinds of different math and I fucking hate it. It was supposed to be easier than stats and I'm already failing. The dumb mindset of ""well I had to suffer so do you' is getting tiring."
1614843073,CollegeRant,Yes we only meet once a week so it’s like a blessing and a curse :/ I had to choose it because of my work schedule. Luckily it’s just an Art watercolor class for credits and is fairly easy :).
1614838501,CollegeRant,I can't keep track of every symbol and what it means or the orders of equations that have more letters than numbers
1614835968,CollegeRant,"Hey man i read all of that and i just want to let you know that i appreciate you. Never minimize what you’re going through. You’re going through tough shit too. I think a lot of people are. I’m just happy you were able to vent a little bit and get stuff off of your chest. You are right. We are in this together. Not the way companies and advertisements frame it though. We are actually in this together as humans. Also, i struggle with addiction too my friend. I love my family, but a lot of them struggle with alcoholism and drug addiction. Oddly enough, I’ve had off and on issues with drugs since i was 17 too. Life seemed like it was hitting hard then and it still does now. It pains me to see my family going through this shit. I had a breakdown the other night for the first time and it felt good to get it out. I’m sad so why try to act tough all the time. letting it out helps sometimes. I’ve been smoking dope a lot at night to keep my cool, but i won’t lie i wanna drink real badly sometimes. It’s tough. Anyway, stay strong my friend. Wishing you the best. At the end of the day all we can do is our best and try to help others along the way."
1614730343,GradSchool,"When I was an undergrad at some point (I kind of dropped out and then went back a few times before finishing my degree), I had a lot of severe mental health issues. I'd barely show up for classes, and if I did, I couldn't focus, etc. My quiz/test scores were pretty abysmal (until I finally went back to college and finished my degree, by which point I was doing well and even taking grad classes as an undergrad).

My own experience taught me to not immediately judge the students who turned in shoddy work, or who never did the readings, or who had terrible class attendance. When I was a TA earlier in my grad school career, there was a student I could tell was dealing with a drinking problem. Another student was a veteran and had a lot of frustration directed towards having to take the introductory course I TA'd for. I mean, he literally wrote ""this is bullshit"" on the final exam. You could tell he was a deeply unhappy and angry person. Students who seem to not give a fuck still get under my skin, but I try to remind myself that perhaps, they are struggling a lot in ways I'll never know. I don't inflate grades for students who I suspect are troubled or anything, but I do try to not just dismiss them as bad students. You never know what people are going through."
1614820592,GradSchool,"I have a dog that I got before I went to grad school. On the days that I am going to be gone a long time (in the before-times), I would put him in doggie daycare. That is expensive though."
1614818103,GradSchool,"You're currently handling three times the amount of work (full-time job, childcare, school) that normal grad students face. It's simply not true that you're ""failing"". Worst case scenario: everyone in grad school gets mad at you and you are forcibly kicked out of the program (that's not likely to happen though, is it?). And then you still have a job and half the stress. 

Do whatever is right for you OP! Do not be afraid of asking for more resources and more support. It's your right. The resources and support are intended specifically for people like you."
1614817537,GradSchool,"Not necessarily out loud, but I read at speaking pace within my head. It makes it frustratingly slow though! 

Fun fact: my advisor has a the ability to glance at whole blocks of texts and absorb all the information at once with perfect memory. It takes him only a couple hours to read a whole ass book. Not totally convinced that he's not a lizard person..."
1614902674,GradSchool,"&gt;many people think you can’t get ahead in academia this way

That's probably a truth, and a truth that I totally accept. I will not get ahead in academia because I'm not willing to be research martyr, and that's okay."
1614902424,GradSchool,Damn. He has a point...
1614699065,GradSchool,"I probably put in around 6ish hours a day, but that is 6 uninterrupted hours. When you go to the office you spend a good chunk of time messaging around with social media, chatting with your colleagues, fighting with the printer, going upstairs for x or downstairs for y, getting lunch (either walking or driving somewhere, waiting, then finding somewhere to sit and eat), talking to students...So, basically 8 hours of time isn't really 8 hours of work. 

There isn't any or much of that interim stuff in my 6 hour day. I probably get more done now than I did then. So, the question I would ask is are you getting the work done? Punching in a clock in this kind of circumstance doesn't make a whole lot of sense. If you accomplish the tasks you set out to do, you are good.

I am also going to ask, are you doing the best you can? Sometimes my depression is bad, and I can't focus that long. You can't do any better than your best. 

Give yourself a little grace. You are probably doing better than you think you are."
1614724399,GradSchool,"I don't understand TA's like this. They're not being ""fair"", they're just being ego-centric jerks. It's like, the first time they're given a tiny bit of power over other people, they turn into dictators needing to prove how authoritative they are. I often see the same thing with very young professors too."
1614724083,GradSchool,"Had a similar experience recently as a TA. Student stopped attending zoom lectures and when she didn't turn in an assignment, I emailed to ask how things were going. Turns out she was physically sick with probably covid, *and* she was trying to get a medical leave for depression but the university wouldn't let her without kicking her out of her housing. 

Current times are incredibly tough for undergrads. It's tough for me too, but at least I can go into lab and have some sense of structure and progress."
1614815114,GradSchool,"I think getting a dog might not be the best idea, the animal will feel lonely unless you have room mates who spend more time home. Maybe a cat would be better."
1614807873,GradSchool,"For the most part, no. If you were registered in the prior spring and will be for the subsequent fall, then you don't qualify in most states."
1614807771,GradSchool,"Move to Washington, DC with one year left in my degree, worked full time and on nights and weekend completed my research, grateful the library on Congress was practically in my backyard. Drove 7 hours to defend then drove 7 hours back to DC because my asshole boss wouldn't let me take an extra day off. So much for celebrating with my old classmates."
1614806431,GradSchool,"&gt;Are you able to wear a mask in person at your lab? That should be enough.

It's really not... This is terrible advice for someone who has clearly said they have a risky health condition and are exposed to many people at once in the lab."
1614800197,GradSchool,"I've always been an auditory learner, so I'll read everything out loud. Code, papers, you name it. It even helps me do math."
1614865795,GradSchool,ugh yes i’m a mess this week. love this advice
1614711746,gradadmissions,Where are you accepted to?
1614770146,gradadmissions,Sometimes credentials and passion are better than a metric u know
1614764653,gradadmissions,"If they’re not stellar, probably not. Stellar is relative tho. Look and see if avg admitted student stats are available. I found em for a Berkley STEM PhD"
1614764431,gradadmissions,"Emailing casually should probably be done before the application review period or after notification of acceptance. Let your application speak for yourself. At least, that’s my opinion. What more can you say in an email that isn’t in the app? I find it’s best to just forget about your apps after submitting.
I’m familiar with the PhD rules. Not super sure for masters."
1614764035,gradadmissions,"Some schools notify you of your initial acceptance with an official letter. Others send it to you later. Sometimes it’s drafted by the department or the graduate school and sometimes you get two. Either way, if you haven’t gotten anything with that info, you can definitely email the department. It will be different depending on your program. Good luck!"
1614763846,gradadmissions,"You should get an official offer letter via email, mail, or the application portal. It will definitely tell you when to reply by."
1614763329,gradadmissions,Stay strong. You got this!!
1614763186,gradadmissions,"I may not be in your exact position (congrats by the way that’s awesome) but I very much wanted to go to UC Berkeley. It was my number 1. I poured my heart and soul into it and I got a generic rejection.
I got into UCSB, Columbia, and CU Boulder as well. Not the schools I was really eyeing but they’re turning out to be better than I ever imagined. I feel super empty right now don’t get me wrong, but just understanding how I have been given an amazing opportunity to even attend grad school (that’s flipping awesome !!! Woo !!!) and I am noticing so many amazing things about the program that I did not realize until I put my reservations about my initial opinion of the school/location aside. Get excited!! You got in!! We rarely go down the path we set for ourselves, but doing something unexpected is awesome and often leads to great things. Congrats on the admissions and good luck in your decision!!
(money is very nice though, especially if you’re being paid for a degree. Keep that in mind. Loans are annoying. However an incline in pay grade after graduation would help. Although, if you want to do your PhD after the Masters in Zurich and you end up not getting funding, you’ll be set with I’m assuming a low pay grade doing the PhD with the loans from the masters. It’s really up to your discretion which you prefer and if you want the possibility of loans)"
1614762479,gradadmissions,"Those schools are incredibly hard to get into. CalTech especially is TINY and exclusive. I am going for my PhD in Eng next Fall (not to one of those lol, rejected by both CalTech and Stanford, didnt apply to MIT) and in my experience at least in chemical engineering, it’s not super pertinent to contact faculty before. The actual topic of your thesis does not really matter. The getting to know profs is done formally after you are offered admission. It’s really mainly important to find a uni that has multiple profs with general work you enjoy. Of course, making a connection before is good but you can’t force people to reply. I honestly didn’t even email any profs before and I got 4 acceptances.
You might need to reassess the unis you are applying for, rework your statements to show a clear plan and goal, include your recent work and emphasize how that has given you solid transferable skills for your PhD. I don’t know if you’re more empirical or theoretical but display your new lab/modeling/theoretical skills you gain in the meantime. That will make you way more competitive. I had to take a gap year and I have experience now in both the synthesis and application of my functional materials. I have a lot of laboratory skills and research understanding people straight out of bachelor’s might not have. Use this time to your advantage and really shove all your experience and drive and passion in there.
I’m sorry for the turnout but good luck for the next round !!!!"
1614761867,gradadmissions,"Don’t feel like you need to explain. They go through this all the time. Just say you very much enjoyed the opportunity to speak with them and to learn more about their work and the program. Notify them you have decided to attend *insert university here*. When ending immediate relations in academia I usually say like, I will remain a follower of your work and am hopeful for future collaboration of something like that. Be direct, respectful, but not wordy/overexplaining the “why”. Emphasize the “what” in a concise, respectful way."
1614760667,gradadmissions,Congrats that is amazing!!!
1614891524,gradadmissions,Sweet! It’s a little odd because I feel like people usually call but ah well
1614733937,gradadmissions,"Ahh, congrats!!"
1614797334,gradadmissions,Most of my decisions came between late March and late April last year. You're good
1614846822,gradadmissions,"Hell yeah! You can do it :) if you need any advice, my DMs are open"
1614878590,gradadmissions,@ u/sadat410 I saw on gradcafe that two professors are leaving so they’re shuffling a bunch of funding????
1614780961,gradadmissions,Yeah you’re right. Thanks for the encouragement I appreciate it!
1614779780,gradadmissions,"Ahhhh I honestly wish I could do that. One of the unis I am considering doesn’t have their visitation til 3/26, which seems super late. I feel like I could decide right now. Definitely don’t want to prevent someone from coming off a waitlist. Do you know if they extend waitlist offers after that 4/15 deadline? Like do they build in a “ok we know who’s accepted the initial offers let’s move on to taking people off the waitlist if we have more money”"
1614790031,gradadmissions,Thank you so much for the advice!! I appreciate it.
1614871067,gradadmissions,"Down to my last school, spending every day trawling the internet for any information about when we will know."
1614768965,csMajors,"Considering the sub we’re in, these results are... very surprising. Personally I think online school is efficient in that I don’t have to wake up at 6-7am to commute for an early class. But the social aspect, or just being around other people, really isn’t there with online school."
1614764289,csMajors,Not a US citizen unfortunately.
1614832740,csMajors,There will always be people who are “better than you” I attend community college so I guess you could say I’m at the “very bottom” relative to top schools. You just have to focus on yourself and focus on marketing yourself.
1614871099,csMajors,"&gt; It’s made me question if the field is right for me, a sociable and non competitive person.

I’ve heard from many people that this (being sociable) can be an advantage in this field."
1614870988,csMajors,"&gt; but I can’t seem to know if the company is legit and professional or it’s just 10 people who will drain my energy for free. 

This is what sucks about applying through Angel List. It seems like so many are like this lol."
1614868669,csMajors,bruh .... I don't even know what to say
1614867551,csMajors,Please hit me up for some resources for this
1614864851,csMajors,"But not US. Also Instead of data science u can focus on data engineering (ETL, adf and what not) and/or data analyst."
1614864489,csMajors,A friend of mine found a job in Amazon in data science right out of college
