created_utc,subreddit,body
1616872679,lonely,"I’m Korean but I’ve learned hi in a couple different languages because of my friends!

Korean: 안녕하세요 (annyeonghasaeyo), 
Chinese: ni hao, 
Spanish: hola, 
Urdu: asalamalakim, 
Japanese: konichiwa"
1616874856,raisedbynarcissists,"If any of you are doubting that you were raised by a narcissist(s), having an emotional reaction to this post should be all the evidence you need.

Stay well, friends, and thanks OP."
1616880671,depression,The therapist ruined your life?
1616880271,depression,Maybe you both need a break to deal with your depression.
1616880066,depression,"life ebbs and flows, has its ups and downs. you’ll get back to where you were and beyond. lockdown and the pandemic has been hard and stressful on the entire world. the future is full of hope and potential! you CAN bounce back!"
1616878688,ARFID,"I make a pasta fagioli using this recipe: https://www.cookingclassy.com/olive-garden-pasta-e-fagioli-soup-copycat-recipe/#jump-to-recipe

Add or subtract as you please. I imagine it to be just as good without the diced veggies. Use whatever meat works for you. I don't use onions or garlic (I substitute with onion powder and freeze dried garlic chunks) but pretty much everything else goes. I recently tried frozen spinach and red lentils added into this. I could see them so it messed with me, but I would not taste or feel them at all! It was a great step forward."
1616879408,BingeEatingDisorder,This is awesome. Are you planning on having a version that will run on Chrome OS?
1616884722,downsyndrome,I’m not offended by her remark and I think she really just made a mistake. It’s a good example to really think about what you post before it’s too late.
1616884617,berkeley,😂
1616872867,uwo,There’s no switching into eng. We have specific courses starting from first year so if you were to “switch” you would be starting over. Best chance is to take those grade 12 science courses while you can and see how well you do in them. Good luck!
1616879289,UMD,I think it’s worth a shot with your qualifications. Definitely say something about your interest in UMD and that it’s been your top choice-    Did you tour the campus or ever attend any events/games/camps etc.  include that kind of stuff. And talk about what you can bring to campus (enthusiasm for a club etc)
1616879044,UMD,Your stats are great. College admissions make no sense.
1616885023,college,"This is what I'm hoping for. I'm looking to get into and finish a master's and, beyond that, I'm looking at habitat management jobs. Those should be half labor because I want to and half planning and communicating because I also want to. Looking forward to that, better pay, and a nicer work/life balance!"
1616880206,college,The sooner you graduate the sooner you can start paying off that debt
1616874240,gradadmissions,"Yeah, same. That's the problem that I'm having right now. Seems like they were more interested in communicating with me before I was accepted."
