created_utc,subreddit,body
1601223807,mentalhealth,That's actually really helpful thank you!
1601709664,mentalhealth,I don’t either! I always thought it was due to smoking too much weed 💀 I’ve had a lot of trauma in my life and I remember at 16 telling myself I just wanted to forget. Hence I have but I need therapy for sure 😪
1601257683,lonely,And messages from the welcome bot 😭
1601491014,Anxiety,honestly it isnt as bad of a habit right now... so I want to fix it now I think its with pandemic and anxiety just getting a bit higher than usual
1601625465,Anxiety,This is an important time to build a support system. Maybe it's time to start looking for a job while couchsurfing with your friends.
1601416323,Anxiety,Yes. I looked it up once and found out that studies have linked anxiety and yawning but scientists haven't figured out exactly what the yawning does. A lot of scientists believe yawning is a way to cool down the brain (a study showed that mice do this but I don't know if there was a human study) or another reason could just be that anxiety is tiring.
1601351338,Anxiety,"I'm a bot, *bleep*, *bloop*. Someone has linked to this thread from another place on reddit:

- [/r/anxietyhelp] [My thoughts are consuming me, please any adivce is helpful](https://www.reddit.com/r/Anxietyhelp/comments/j1rrt4/my_thoughts_are_consuming_me_please_any_adivce_is/)

&amp;nbsp;*^(If you follow any of the above links, please respect the rules of reddit and don't vote in the other threads.) ^\([Info](/r/TotesMessenger) ^/ ^[Contact](/message/compose?to=/r/TotesMessenger))*"
1601571972,Anxiety,"You should give out the complicated assignments and do the ones you understand. Imagine you have an assignment in math and one in English, if you give  out the math assignment, you'll be relaxed enough to easily do the English assignment. And you'll definitely pass in both classes. PS I'm a professional research assistant in case you need help"
1601344179,depression,"Hey, I’m a senior in college too. Classes started remotely a month ago, which makes me about a month behind. I feel you on the numbness...each day just passes by with no meaning"
1601217161,depression,This is me.
1601500477,depression,Good job! how did you get the courage? I haven't been able to be brave like you
1601691607,depression,"I relate so much, except I'm in engineering. Doing assignments and going to work is so mentally taxing because I just don't care about it anymore, but then I wonder what else I'd do and have no idea."
1601441625,depression,"Can't describe how accurate this is to where I'm now. 
But you know what ma'am, we gotta fight, we all gotta fight for the people that love us and someday soon we'll be able to find that love and happiness again. 
More power to you, more power to us all. Stay strong my fellow redditors"
1601346574,depression,I feel like life is just an obligation that I didn’t sign up for and now I am being guilt tripped into believing that I have to carry on and enjoy it in the process.
1601675099,depression_help,"Yeah I agree,some of my friends have it and say that they have issues with weight loss and occasionally have depressive episodes."
1601707723,bipolar,"Honestly, it'd be more unprofessional if he gave you the medical card which means he is condoning your weed smoking habits. There are tons of literature saying that weed should be avoided in those with bipolar because it can trigger episodes. It can also interact with how effective your meds are. Your psychiatrist is literally doing you a favor and looking out for your mental health."
1601706116,bipolar,"You sound like a caring friend. Just having someone that is there and listens to me when I'm depressed helps me so much. That might help your friend too. It makes me feel like at least one person cared and they can help me look at things in a different perspective. Therapy and medication can do her wonders. There is no point in suffering alone and she needs to realize that treatment could change her entire life for the better. It took some convincing for my father to believe in my mental illness. He saw my symptoms and looked up articles and videos himself, and is now convinced it's a real, serious illness. Maybe you could suggest to your friend to send her family informative articles/videos on depression and mental illness. Some youtubers on the top of my head are Polar Warriors, bignoknow, Dr. Tracey Marks, MedCircle. Nami is a mental health organization that has many informative articles. I hope all works well for you and her!"
1601700918,bipolar,Oh no I avoid conspiracies all together they can make super paranoid and sometimes trigger my mania
1601334963,bipolar,"It tends to be what the thoughts are about and how focused/unfocused they are.

Then again, the last thing I want to do is give into the thoughts, so most of the time I disregard them anyways and don't know. (Should I care, I mean I don't want it either way, so I won't let it get the time of day)."
1601390414,bipolar,"Make it a habit. I usually take mine at 530pm everyday sometimes earlier and sometimes later just depending on how i feel. 

I also use daylio to track my moods which helps me see how i was feeling and what ive done. I found that sticking to meds requires the same energy you would use went taking multi vitamins"
1601245969,bipolar,"Yeah I pretty much don't think of sex anymore, but I'll take that any day than losing my mind. And I'm taking 2 mg Rexulti + 300 mg lithium."
1601241055,bipolar,Meds really helped me with my anger issues. It's important to stick to them because on days I skip them I notice I can lash out on others.
1601574237,bipolar,"Times may change, we never know. Both are not right and just because people use bipolar as an insult doesn't make it okay to use the r-word. Okay then that's even worse. The group is just a bunch of bullies justifying their actions because ""they asked for it"". Still a bit sadistic and strange to me."
1601573356,bipolar,"Even joining a ""shaming group"" is a little off. You have to be some sort of sadist or bully to enjoy those kinds of things. I'd imagine a ""shaming group"" is more geared toward insults that are witty and hold some substance/humor. What you said is straight up bullying. What does you using the r-word as an insult relate to people using bipolar offensively? Yeah both are shitty things to say. What else do you want to hear about that?"
1601322856,bipolar,"Hey doc, got any M O O D shrinking pills?"
1601709435,bipolar,"There's just so many red flags here. Maybe your husband got diagnosed with schizophrenia in his adult years? I'm not sure but lying about what mental illness you have is a red flag and idk how he was able to cover that up and get married to you. I don't think treating your husband that way, slandering him, and disrespecting your MIL will do any good though. Like I get it, (hypo)manic episodes can get me extremely agitated and I'm not perfect when it comes to relationships. I hate to assume and your feelings are totally valid, but I wonder if you are in a dysphoric hypo/manic episode."
1601378639,bipolar,i often wonder this too
1601378291,bipolar,"i want to do this, i’m just worried are there repercussions? can employers see this?"
1601414396,bipolar,"So the card will expire December 31st, will there be another one that comes out next year?"
1601317572,bipolar,"because it was making me really tired all the time, i couldn’t stay awake"
1601316378,bipolar,but it sucks so much because i never know what’s me and what’s the bipolar.
1601316365,bipolar,"that’s wild, i had the same dilemma. had extremely risky sex with two tinder people in one week too. i didn’t “feel” manic in the ways i did before i was medication but looking back on the last three weeks i can say i definitely was."
1601314975,bipolar,i got taken off my anti psychotic which was increasing the effectiveness of my mood stabilizer.
1601323538,bipolar,not yet. i’m waiting for my appointment next week :/
1601682327,bipolar,"Oh yeah I totally agree. Thats what I implied, and that's pretty shitty people downplay you on that. To me it doesn't make sense that someone would downplay you for being type 2. It's still a mental illness and can be hard to navigate through life. That's like telling a depressed person they're lucky they don't go through hypomania or mania. Like people who say that must have some ego or empathy issues."
1601676674,bipolar,We dont
1601659996,bipolar,"Hey I remember you. You got banned from /r/antipsychiatry because you commented that you wished another person gets schizophrenia and other malicious things. Anyways as someone who suffers from type 1 I think it's dumb that others invalidate other's struggles just because they suffer from type 2. Also, judging by this post and the other post you posted on /r/antipsychiatry, it seems you struggle with other people invalidating your mental illness. Just know what you go through is valid. No matter what ignorant people say."
1601411646,bipolar,i’m moving from Canada to Germany!
1601673658,bipolar,"Also I see you are an ARMY, same. Are you Korean by any chance or just an international fan?"
1601673429,bipolar,"Not going to lie, I disagree with some of the things the people there say.

To add on to what you posted: whichever bipolar type, 1 or 2, both are a shit show to live with. I think the reason people with bipolar 1 ""wish"" they were type 2 is because the mania can sometimes make you do life threatening things and ruin your life. If the mania is severe enough, psychosis can happen. For example, I rollerbladed down a 600 ft. hill thinking I was being recruited to the Olympics by the government. I definitely should have died that day. I don't know how tf I'm still here. 

Sometimes I even consider myself lucky I don't have schizoaffective or schizophrenia because psychosis was one of the worst experiences in my life. Because of this I can empathize with people suffering from schizophrenia. I can't imagine that they have to go through something so scary everyday. Oh and I can't forget to add, bipolar 1 still have terrible depressions that accompany suicidal thoughts on top of the crazy mania/hypomania.

But is it right to say things like bipolar type 2 is easier or depression is a ""walk in the park""? That's actual ignorance right there. Though it's not terribly bad to feel ""lucky"" your symptoms aren't worse than they could be."
1601168596,bipolar,Ah okay great thank you I’ll check her out!
1601742837,bipolar,You got this. Getting through the episodes can be tough when unmediated. Just know this too shall pass.
1601736456,bipolar,"Ugh, me. I said way too much to my neighbour the other day. THe poor guy now knows just how much of a weirdo I am now lol. I try to shrug it off... I'm an odd bird and some people are just fine with that."
1601568951,bipolar,There's a difference between being witty with your insults and just downright being a degenerate.
1601270263,BipolarReddit,This comment is late but it seems you really love your little girl and I hope you don't guilt yourself over this. I don't know what helps me in the moment when I can't stop crying. I just let it out to be honest. Your daughter will understand your condition more when she grows up. For now I hope you can find time to relax and try to set up an appointment with your psych. Maybe your meds need to be adjusted.
1601765228,BipolarSOs,"Hello you fucking bot. 

 My fucking name is fucking ShitPissCum1312 and I am a fucking bot fucking made by some fucking mother-fuckung-fucker who was really fucking annoyed by your fucking comments with a fucking purpose of fucking telling you to fucking shut the fuck up. What the fucking fuck are you even fucking trying to fucking achieve by fucking doing this fucking shit fucking over and fucking over? No fucking one is fucking going to fucking stop fucking saying fucking fuck just because you fucking told them so. 

 Fuck you all and have a nice fucking day. [Fuck.](https://www.youtube.com/watch?v=ukznXQ3MgN0)"
1601245865,schizophrenia,Invega 1.5 mg worked the very best for me but caused me to gain 30 pounds in 2 months. I wish there were no weight gain side effects so I could take it again.
1601306236,schizophrenia,"This just sounds like living a life. Nothing notable about it, and it certainly doesn't come off as any sort of humble brag. Your just describing what life feels like. Not sure what you mean by ""very high functioning."""
1601755040,schizophrenia,Ask others.
1601702450,schizophrenia,What did it do?
1601702438,schizophrenia,"Sir, this is a McDonald's."
1601560903,schizophrenia,That sounds like some delusional thinking.
1601526589,schizophrenia,Thank you for sharing this.
1601674064,schizoaffective,"If you're an immediate danger to yourself or others, go to the ER."
1601238654,schizoaffective,How so?
1601754477,UTAustin,"U can still Q drop till October 29th and use your one time exception till Dec.7 th 

There is the medical withdrawal option. Or the course reduction option. Look at the student with disabilities page"
1601578607,aggies,The guy behind the cameras got no action then smh
1601566975,aggies,Who are you so wise in the ways of science
1601389157,VirginiaTech,video games not sure what to say man its tough now
1601389141,VirginiaTech,not much lmao im sort of lonely
1601389114,VirginiaTech,sounds like a smart plan tbh not sure what you'd do about housing tho
1601388997,VirginiaTech,yea im not too worried but i mean phi beta kappa is a big deal but yea idc much
1601378431,VirginiaTech,honor society that has a lot of famous people in it that I wanted to join
1601572049,VirginiaTech,"I'm a professional research assistant, maybe I could help?"
1601643064,VirginiaTech,"Trump getting covid

My reaction: It is what it is"
1601642999,VirginiaTech,Nah you aren't alone I'm super stressed
1601736687,VirginiaTech,maybe they should be building less bullshit facilities to recruit students
1601333640,UCSC,"Loops seem to be running as well as Metro but with only a limited amount of people allowed on them. They seem to have it sectioned off and you just read the signs. 

The bookstore is not open for shopping it seems. There's an open window that you have to go up to and they will take care of you. 

Dining halls are only open a specific set of hours and times.

Housing is recommending people shelter in place. They have advised against going on a hike."
1601350273,uwaterloo,I took a course last spring where i didn’t get my assignment mark 2 weeks after they said they would give it to us. The rest of the class got it. The prof said the ta was sick. I waited a couple of days and emailed the ta it turned out she wasn’t even sick she just forgot to post the mark. Like I realize things happen but the level of disorganization in these courses amazes me.
1601313243,uwaterloo,"I feel this so much, OP. I lowkey wish I took the semester off instead. My job feels pretty menial and it takes a lot out of my mental energy to just sit at home for 40 hours a week doing something that I’m not excited about."
1601332578,UMD,"Yeah, it's definitely not economical, but if you are required to have it (live in dorms), or don't have the money to pay for food because you would normally get it through loans/etc, then it can be rough to swallow the cost."
1601550515,UMD,Born 5 million years too late to be monkey :(
1601359613,UniversityOfHouston,"My complex allows food truck vendors every Thursday, you can sign up and you should receive a good amount of customers. You can message me if you're interested!"
1601355852,UniversityOfHouston,"Oh God I can finally vent about this.

I've struggled since the first week but it has progressively gotten worse. I went through a major depressive episode and I just didn't do my work for a whole week. I got a few assignments complete at the end of the week, including a test that I stayed up all night studying for, then receiving a 55. I've always been awful at math. I feel like I'm lazy and constantly put off things to do absolutely nothing. I was never like this I'm high school, I always turned everything in on time and received good grades. I'm struggling a lot and I don't know what to do. This workload seems more intense than on campus."
1601525235,uofmn,"I appreciate you posting this. It's hard for me to open up but I'm trying to do it more often. I feel like my anxiety has been really bad recently. Like you, I'm used to highschool being easy but I recently did horrible on my first chem test and have felt like my mental health has been declining since. I'm trying to tell myself that its okay to make mistakes and remind myself that were all in this together. I hope you're able to figure out your assignment, talk to some classmates too, I'm sure you aren't the only one having trouble. 

To everyone reading this, I hope your doing okay, we can get through it!"
1601507505,uofmn,Who?
1601678242,uofmn,Nice! I'm in.
1601673947,uofmn,Awesome! Zoom only I hope.
1601752292,uofmn,If you've been accepted you should have received your admission letter by now. It's likely you're a backup right now and they're waiting for people to decline to see if they need to admit you.
1601751927,uofmn,It's a good program with a solid reputation around the cities.
1601274801,yorku,"I go outside!!I know that sounds crazy but backing your bag like your going to school with food and flour books and heading down to the beach or an a park (in shade obviously). I have a rooftop and it’s okay in the heat mainly due to the wind that passes thru, I can never find peace and quiet 💀"
1601253709,yorku,How was living at the quad? I’m thinking of living there during grad school
1601332191,yorku,Damn! Thank you! I am straddling 2/3rrd year! Just planning ahead :)
1601418926,yorku,I read you only have one class left! That’s pretty sweet I wish I had that! I feel you moving back home has been a damper on everyone’s moods!
1601511845,yorku,"My psych research methods class is currently doing a research proposal- proposing how we would do research. Research and books are a lot, their filled with facts and need fact checking. Best bet is to ensure your degree is related to research and find a prof willing to allow you in their lab. I’ve had 0 luck so far getting into a lab as a second year psych major but I’m still trying."
1601501960,yorku,"Yes! I took SSW at georgian, it put me straight into BA honours psych second year! Mainly because I took two electives which were psychology 1 and 2= to psych 1010 which is the prerequisite for nearly everything in my degree. As long as they give you a 1010 credit you ll go straight into second year. If not, you ll do 1010 in your first year along with mandatory classes. I still had to take NATS and humanities. (6 nats/3 humanities I believe-so even if you don’t get a 1010 transfer cried your still going to be in first year classes-I am currently as I took a year off after my first “technically second year” due to getting sick. I’m literally only halfway they second year now so I’m close to where you would be starting! A lot of people even take first year classes in their 4th year. But that’s beside the point you need a 1010 transfer credit to get into second year psych classes. Just apply and they will tell you! 

Good luck! You should be fine! Even if your electives were not psych you should still get 20+ credits saving you tons of money and time!

Also don’t make your parents force you. I love psych, if I didn’t I would hate it. There’s tons of job opportunities not only as a psychologist/psychiatrist. Psych is so very broad."
1601500189,yorku,"Exactly! Amen, I'm in 4th year as well and I'm dreading studying (don't get me wrong I dread studying prior to this situation) but like studying in the room at home suck as you're sitting in here for like 6 - 8 hrs a day and its just like can I please go"
1601601587,yorku,Either should be okay
1601600594,yorku,I did SSW as well! What are you taking now if you don’t mind sharing?
1601684700,yorku,"My prof literally says going back on York answer is cheating so we’re not allowed to....which makes 0 sense since we can still screenshot the questions while doing them (that was their excuse). Cheating laws at York right now are all just made up and on the whim.

I agree I’ve had multiple people in class mouch off my work. This girl I added on fb wanted to do a quiz with me and I’m like...ugh no it’s times and probably randomized why would we waste our time? Just read and learn the content. Not that hard 🤷🏽‍♀️"
1601767595,yorku,My prof won’t let us go back and review our answers because it could be used to “cheat” and take screenshots. I really wanna know who comes up with these rules? It was a statistics exam.
1601309098,yorku,"Yes this! I’m in 2nd year and I’m able to score 50k jobs right now, it will be much higher if I drove and had more free time. I’m a BA in psych and my old boss has the same degree. Worked in HR then operational management. The key is to get experience before you graduate as psych is a sticky field. Currently covid has put a damper on job plans! I’m taking all stats courses and research methods (3rd year) to ensure if I want to add a stats minor it will look great with a BA in psych. Psych can be useful you just have to pair it with something useful or get experience!"
1601659498,yorku,Because they sent us a mass email...
1601242949,UWMadison,Can't speak for your class specifically but the instructions for cs programs do get more and more vague as you advance to upper level courses
1601314860,UWMadison,"Colectivo, fair trade, Michelangelo's"
1601315117,uAlberta,same class hahaha it’s been rough
1601524367,uAlberta,heyyy i’m in this class too if u wanna chat
1601524267,uAlberta,i’m in this class too what do u mean by too straightforward?
1601736834,uAlberta,"Depending on how much free time you have during the week, doing course work on the weekend is totally normal even when classes are on campus. If you want to do well you'll do the work when you have the time."
1601706198,csMajors,"Good for you,buddy:D"
1601257599,csMajors,"Congrats for the job, damn how could you hold out till 1400 application."
1601256514,csMajors,"I'm a bot, *bleep*, *bloop*. Someone has linked to this thread from another place on reddit:

- [/r/reeeeeeeeee] [\[r\/csMajors\] Deep copy vs. Shallow Copy](https://www.reddit.com/r/REEEEEEEEEE/comments/j12y4v/rcsmajors_deep_copy_vs_shallow_copy/)

&amp;nbsp;*^(If you follow any of the above links, please respect the rules of reddit and don't vote in the other threads.) ^\([Info](/r/TotesMessenger) ^/ ^[Contact](/message/compose?to=/r/TotesMessenger))*"
1601483333,csMajors,Maybe ask the instructor?
1601327963,csMajors,"I'm pretty much the same. I wonder if all the stress and workload is worth it to become a programmer, especially since I'm not particularly passionate about it. My parents really pushed me to go this route because of the job security. But it'd be much easier to do something I'm passionate about because I will enjoy the journey and know it will lead me to do something I will like. I wish I could give you the right answer, but all I can say is follow your gut and your heart."
1601188664,csMajors,"Hello you fucking bot. 

 My fucking name is fucking ShitPissCum1312 and I am a fucking bot fucking made by some fucking mother-fuckung-fucker who was really fucking annoyed by your fucking comments with a fucking purpose of fucking telling you to fucking shut the fuck up. What the fucking fuck are you even fucking trying to fucking achieve by fucking doing this fucking shit fucking over and over? No fucking one is fucking going to fucking stop fucking saying fucking fuck just because you fucking told them so. 

 Fuck you all and have a nice fucking day. [Fuck.](https://www.youtube.com/watch?v=ukznXQ3MgN0)"
1601311298,csMajors,It's not uncommon for people to want to quit CS because of the heavy workload. Can you possibly talk to your professor on what you're stuck on? Maybe they can help you. There's also online resources if you need help on your code. If school is not for you but you still want to do programming then that's also a valid choice.
1601733381,csMajors,That’s awesome!! Congrats!!
