created_utc,subreddit,body
1598322028,depression,"Been there. 
Sometimes if the eye contact was too rough I’d just look at my chin and that always helped."
1598744667,depression,Alright! Thanks for your response.
1598503155,depression,I know it doesn’t mean much from a stranger on the internet but you will find that somebody I’m sure of it :)
1598376699,depression,"Yeah exactly. Suicidal thoughts are a problem in themselves, and it doesn't really matter if they are accompanied by depression or another mental illness. The important thing is that if a person is having them that they speak to a doctor. Preferably before they get overwhelming."
1598740097,depression,"That's too bad. I know how you feel, when I was in a new relationship I felt a lot of ups and downs too. Taking time to put my feet up and focus on my hobbies helped me focus on myself when it felt like my emotions and self esteem revolved another person. I struggle with alcohol and cutting, too. I hope you make the changes you need to make to feel better and are able to get help. I saw a therapist and psychiatrist and I feel a lot better, but I know unfortunately that doesn't always work out for everyone. I found there were a lot of boxes I had to check, like eating regularly, regular mild exercise, socializing, to grow mentally."
1598672973,depression,I'm here for you ♥️
1598227042,depression,"I sort of have one which I should be thankful for I suppose. I play guitar at a mediocre-ish level (good enough to impress some friends and family) but its not enough. I feel good when I learn a new song, but I don't have the energy to play for more than 5 - 10 minutes at a time, and even when I do it rarely feels satisying. If I didn't feel like such utter shit for the last 8 years I would have been much better at it."
1598496903,depression,"I’m 22 and partly feel that that way because of mental illness and isolation. My social skills are rather behind and having depression plus eating disorder means that I’m not it’s hard to get out...of certain bad behaviors. I developed those behaviors at 13-15 so it makes sense I feel stuck there, 7 years later."
1598374483,depression,Exactly holy shit
1598433351,depression,"This one's very obvious, but less alcohol is generally better. In the past few months, I was going to bed drunk/tipsy almost every night. It helped me fall asleep faster, but it also massively lowered the quality of my sleep and made me feel like crap the next morning. Recently I just stopped buying booze, and although it takes me forever to fall asleep without it, I still feel much better in general."
1598432900,depression,"It can be uncomfortable to walk into a room and immediately realize that you stand out, even if you don't want to. And the fact that people shouldn't be expected to behave differently just based on the color of their skin doesn't mean that people don't *feel* as if that's the case. People with depression are often told ""it's all in your head"" for a variety of issues, but that doesn't make the struggle any less real."
1598432219,depression,"I'm not a professional artist, but I've had similar thoughts to what you've described here regarding playing music, which is a huge part of my personality and something that I've done since I was a kid. It's hard when you start feeling like the thing that defines you is actually some kind of fault or weakness.

&gt; but I can’t help but feel like maybe there’s not even a real person underneath it. I certainly don’t feel real or even at all like myself.

Even if art is a coping mechanism, I don't think that means you're suddenly ""not supposed"" to do it (though it's totally OK to take a break if it's causing you stress). There can sometimes be this feeling that we need to reach down past all of the worldly things that are a part of us and somehow ""fix"" something deeper and more fundamental before we can move on. At least, that's the way of thinking that often leads me to distancing myself from people and feeling bad about all the things I do. But when it all comes down to it, I can guarantee that there's a real person underneath it all because that's true for absolutely everyone. Both the pain and the positive things that you feel right now are real, and having depression/trauma/other mental health struggles doesn't make them any less so."
1598591034,depression,Comparing yourself to someone only makes you feel worse
1598725147,depression,Forget other people and do what you want. If jealousy is holding you back you're only holding yourself back. Depressions a bitch
1598720775,depression,"I know that those things are not entirely objective. What makes me feel bad is that other people can do well at them, and I can’t. I know many straight-A students, and I know many people who do well on online coding assessments, and I try very hard to emulate those people, but I’m too dumb to get the results they do."
1598707265,depression,Hey I was just curious about your progress. Still going strong? I'd be happy to hear
1598707118,depression,"Most everyone is aware of the rat race, but most just acknowledge it and go throughout their day without making a big deal of it. There is more to life than the rat race. You can seek therapy/medication to learn about what you can do to see things differently. It's not helpful to stress over the rat race. Also, maybe look into reading about other cultures. I think the rat race is an American thing, other cultures have more emphasis on family and cooperation"
1598706905,depression,Hey what's up?
1598693690,depression,"I taught programming classes for several years as an undergrad, and I'm now a high school math teacher. It can definitely feel awful to be reaching for a goal like an A in a class and not be able to make it. But the thing to remember about grades is that they're not fully under your control. Studying more definitely correlates with better grades, but the distinction between an A and a B is an arbitrary decision made by the professor. In the same way, taking a test and getting a result of ""poor"" just means that that's the evaluation of whoever designed the test. 

That's the problem that always comes up when you try to sum up a person's entire set of skills with a letter grade or a single evaluation of ""good"" or ""poor"". The system isn't objective, but it appears that way. It's impossible to sum up a complex set of skills and knowledge with a single value like that, and when your evaluated under that system, it's dehumanizing in exactly the way you describe here.

I try to tell people to set goals that are based on things you can measure yourself. If you're preparing for a coding interview, you can judge yourself based on things like ""can I write a mergesort"" or ""can I explain how a red-black tree works"" (just for example). You don't have control over how somebody else evaluates your knowledge, but you do have control over what you actually do know."
1598692700,depression,"I’m skeptical of this. Most people are happy, and if the traits you’re thinking about are normally distributed, then necessarily that means that people who are average or below in those traits are happy. 

The vast majority of people have some sort of magical ability to just not care about things they can’t get good at. So most who can’t succeed at the rat race just don’t care about it at all. Almost no one who is depressed would have to be made extremely smart, rich or famous in order not to be depressed. Realistically people just need to be liked by 50 or so people in order to be happy."
1598461316,depression,"I used to do the same thing until I realized it's genuinely annoying. People understand that you are aware of how you make them feel if you do it even once, they'll appreciate that."
1598492583,depression,Thanks for that! I think that’s exactly what he needs!
1598335903,depression,Yes. This is closely linked to my mental health problems too. As a kid I was constantly bullied of being large and out of shape and bad looking. As an 8 year old I couldn’t really start to pick eating salads and going to the gym. Anyway I was with the same crowd of classmates for the next 6 or so years and the bullying due to my looks took a huge toll on my social skills and mind....
1598264987,depression,"I didn't really feel great yesterday, but today morning when I woke up  I felt immensely tired. Physically and mentally. I tried to get myself to work but couldn't. So halfway through the day I just called in sick."
1598652967,depression,i’ve settled on a nice chinese american family whose daughter wants to learn piano so...i don’t hate it...this is fine
1598474216,depression,"Yeah, I haven't really had a friend for about the same amount of time. It's not so much that I can't stand people though.

I think what happened in my situation is a few years ago I was feeling very overwhelmed and unappreciated in many of my friendships, and I often felt like I was giving more than I was receiving. After a couple of years in therapy, I started to take a step back (didn't go to every event my friends were hosting, started putting up some boundaries about meeting throughout the week, etc), and my friends responded in two ways: 1) Didn't even care. Haven't spoken to them since, and 2) Were pissed. Very vocal about how I was letting them down/disappointing them/didn't want to hear about why I was acting the way I was/etc.

Now I have almost a fear response to the topic of friends. I'm lonely and would like to start up some new relationships, but I'm also really freaked out about having the above situation happen again. I'm finally in a good place where at least my anxiety is in check (the depression...uh, depends on the day), and I don't want to sacrifice that progress for someone who is just going to use me or not care. I have limited energy anyway; I don't want to waste it on things that will only hurt me and get me nowhere."
1598688360,depression,"I think this is somewhat different from what I feel. I don’t feel like I get nice things that I don’t deserve — after all, my low intelligence causes me to do badly on tests and lose opportunities all the time, so I just don’t get any nice things. I don’t feel like an imposter either, because I don’t think anyone thinks I’m smart."
1598479419,depression,18 months I spent looking for a job before I gave up and went to grad school. Its a fucking nightmare and a half.
1598489462,depression,"I was actually thinking about this the other night. There are certain things that I would like to experience in life, but I can't help but feel as if my choices up to this point have only been in direct opposition to those desires. Now I don't know what to do about it because I feel like I would have to lose my memory or completely turn my back on a lot of who I am in order to turn things around. I keep trying to come to terms with the fact that it is more probable at my age that I won't get to experience my desires, but all I really feel is a lot of pain and regret whenever I think about it."
1598244383,depression,"Hahaha mine said ""life's a bitch, then you marry one"""
1598325109,depression,"So you don't have to take anything that you don't want to, but I do caution you not to act according to your parents unqualified opinions against that of your trained doctor. They make it sound like if you take an antidepressant you are forever altered and ruined if you go on it, which just isn't true. In my experience, I went on an SSRI for my anxiety once and had a lot of side effects and hated being on it. I discussed it with my doctor after a couple of months and decided that the best course of action for me at the moment was to stay off of medications.

Even though the medications didn't work for me, they definitely do for a lot of people, but you won't know exactly how it will affect you unless you try it. And remember, your doctor took an oath to do no harm, so he or she wouldn't be prescribing this if they didn't feel like it was really necessary for your health."
1598535230,depression,"A lot of people haven't had relationships at 16, you are literally 20, you have time"
1598304719,depression,Looks help people get to the personality part I feel
1598304666,depression,"I'd focus on the individual rather than the gender. A guy could have it way worse than a girl and vice versa.

Besides that, you're right, confidence goes a lonnnnnnnng way."
1598304375,depression,Feeling like I'm ugly literally fuels my social anxiety. Shit sucks.
1598508794,depression,Watch “master of none”
1598484064,depression,"This is really starting to head towards red/blackpill territory, guys.."
1598226907,depression_help,You and me both friend.
1598221358,depression_help,Thank you! I've gotten hold of that book. I'll be reading it very soon
1598393472,depression_help,"*beep. boop.* 🤖 I'm a bot that helps downloading videos 
###[Download via reddit.tube](https://reddit.tube/d/hBeaYYv?t=1598393470)

If I don't reply to a comment, send me the link [per message.](https://np.reddit.com/message/compose?to=VredditDownloader&amp;subject=Download&amp;message=Put%20your%20reddit%20video%20link%20here%20and%20click%20send%20)

[Download more videos from depression_help](https://www.reddit.tube/category/depression_help)

 ***  
[Info](https://np.reddit.com/user/VredditDownloader/comments/cju1dg/info/)&amp;#32;|&amp;#32;[Contact&amp;#32;creator](https://np.reddit.com/message/compose?to=-botbert)"
1598678056,depression_help,"Other people will always let you down if you ask too much of them. Temper your expectations, and live for yourself. Love is hard."
1598677652,depression_help,People hurt each other. There's no point assigning blame. Self defense is always understandable.
1598226620,addiction,"You’ve got this, I believe in you!"
1598297534,addiction,Thank you for sharing such an intimate piece of writing. My best and warmest wishes to you. You can do this.
1598627616,addiction,💕💕🔥🔥
1598315636,bipolar,The how to order tab doesn’t work on your website :(
1598341324,bipolar,weight gain
1598154735,bipolar,Spite
1598154417,bipolar,internet frens
1598169969,bipolar,"BPD thoughts moments later: wow I really overreacted
(i like the drawing, can definitely relate with BPD, don’t know what it’s like to be bipolar though)"
1598362866,bipolar,Congrats!!
1598359034,bipolar,Congratulations!!
1598356500,bipolar,Congrats! I’m in grad school now. Make sure to take care of yourself. It totally destabilized me because I was chugging along and not paying attention to my health until it was too late.
1598232058,bipolar,"mm yes my ex thinks i am satan reincarnate. anger management, know how to apologize when you’re wrong"
1598709716,BipolarReddit,"Psych major and BP2 here. Yes, therapy has been extremely helpful for me. It took many years to be ready for it and to have a good therapist that fit with me but it has helped. Find a person you mesh with and a modality that helps you."
1598451126,BipolarReddit,holy shit i stopped taking saphris like 6 months ago but this just catapulted me back to that taste oh my god its so BAD
1598322855,emetophobia,Stale pretzels could actually be good for an upset stomach because it’s just bread (part of brat diet) ur all good no worries
1598487130,EOOD,"*beep. boop.* 🤖 I'm a bot that helps downloading videos 
###[Download via reddit.tube](https://reddit.tube/d/3vgz4Xi?t=1598487128)

If I don't reply to a comment, send me the link [per message.](https://np.reddit.com/message/compose?to=VredditDownloader&amp;subject=Download&amp;message=Put%20your%20reddit%20video%20link%20here%20and%20click%20send%20)

[Download more videos from EOOD](https://www.reddit.tube/category/EOOD)

 ***  
[Info](https://np.reddit.com/user/VredditDownloader/comments/cju1dg/info/)&amp;#32;|&amp;#32;[Contact&amp;#32;creator](https://np.reddit.com/message/compose?to=-botbert)"
1598389874,rapecounseling,Have you done this edmdria therapy yourself? How effective is it?
1598388709,rapecounseling,Ok thank u for the resources.
1598264789,rapecounseling,Thanks for this reply. The encouragement means a lot to me.
1598153686,rape,"Preserve the evidence. Because if she ever does decide to file a report or press charges, she will be grateful to have had that foresight."
1598279775,rape,"Depending on what state (in the US) you live in, it is a crime to not disclose HIV+ status. People with undetectable viral loads have been prosecuted relatively recently using the exposure as a basis for assault with a deadly weapon."
1598279433,rape,"Assuming you live in the United States, several states have laws that criminalize the nondisclosure of HIV+ status. While it is highly unlikely that the virus was transmitted to you, I can understand why you feel so violated."
1598390490,rape,"So this may be really difficult to do but if you let him keep trying to contact you via text he may say something incriminating which you may want to have in the future. While you may not want or need to report him now, you may want to later down the line, and you'll be grateful to yourself that you allowed for the possibility. Obviously this is just my opinion. I'm so sorry that you went through this and wish you all the best in your recovery :) If you can, try talking to a close friend or a therapist (if possible). Verbalizing your emotions can be cathartic."
1598578831,rape,"I can second this. I still feel the same way, and have only partially reduced the feeling through meditation. I've heard that a combination of both professional help and self-help can take it away, so I'm looking forward to experiencing that release."
1598366135,schizophrenia,"Even if there was a period since those past delusions where you got back down to reality and realized they were delusions, you’d forget all that and get right back into believing them?"
1598365156,schizophrenia,So you’d think those past delusions weren’t real but this one is
1598364022,schizophrenia,So how would you process the recording? Would it just become part of the delusion?
1598654933,schizophrenia,"When discussing delusions I always try to emphasize that there is no immediate threat of harm. Your neighbors might think these things, but they aren’t going to hurt you right now. Usually that helps me relax enough to be more susceptible to reality."
1598739040,schizophrenia,"That happens to me, too. I had an argument the other day with my fiance and I couldn't stop smiling. On the inside I was like ""I'm sorry I hurt you"", but the outside made me look totally cruel."
1598738893,schizophrenia,"When I try to fake it, I doubt that I'm doing it right. Like if I ""smile"" when I think I'm supposed to smile, in my head I'm like ""oh I bet this looks totally unnatural and creepy"". So I guess an issue is that I don't know if I'm faking it right."
1598581801,schizophrenia,What if they tried to lay out a reasoned argument instead of saying “ it’s a delusion”
1598150287,schizophrenia,This is wholesome and lovely. Congrats :)
1598479560,schizophrenia,"What would you have us do instead of defaulting to getting you to the mental hospital , when your in the midsts of an episode? Genuine question"
1598143416,survivorsofabuse,"I would take some time to think about it but, I’ve been abused too and I couldn’t be with someone that fetished the same age of girls that I was when abused 8-12 yrs old"
1598403054,survivorsofabuse,Wow great insight into what it’s like. Thank you very much!
1598398099,survivorsofabuse,"Have you experienced emdr therapy before? If so, what are your experiences?"
1598391131,survivorsofabuse,Thank u!
1598388670,survivorsofabuse,"Yeah sure thing, what kind of therapy?"
1598569853,survivorsofabuse,If I only knew why my creepy uncle was into someone 30 years younger than them
1598416475,narcissisticparents,"Weights, or cardio? Because of it’s weights, that can make it worse. Increase the cardio."
1598285689,SuicideWatch,"This is going to get downvoted to hell and I don’t care, but please hear me out. Bud, I noticed from your other posts that you’re only 13. You’ve barely tasted life, yet you’ve made so many decisive statements about it. I know that position because I was in it 5-6 years ago. I thought the world wasn’t just falling apart, but it HAD fallen apart and I had reached rock bottom. I continuously told myself I’d never do anything with my life and that I was just a waste of space on this crowded planet. Today, I still reflect on those years wondering what the hell was going through my mind. 

The fact of the matter is that you’re entering a period of immense change, growth, and development in life. You will most likely be a different person in 6 months, then again in 1 year, then again in 2 years, and then again in 5 years. I am willing to bet that if you put your head down, push through any adversity, pain, or hardship you’re being faced with right now, and make it to the age of 20 that you say you won’t reach, you will be thinking much more different thoughts and have a much more different view of life. 

You’re so young and I am not sure you have seen the good, the bad, the amazing, the horrible, the beautiful, the ugly, and the life-changing parts of life that are so critical to our development. I may be wrong about all of this because I don’t know you personally, but these are just my two cents. Stay safe."
1598555119,SuicideWatch,"Yep, basically. So might as well stay alive."
1598221792,SuicideWatch,"Anxiety and depression are a pain in the ass, but they can be dealt with. Go to a therapist, anxiety can be solved (or eased) with medication. Depression will probably take longer to heal, in the middle long term a job could help deal with it. Furthermore, you need to stop living with your dad. Is your mother still alive? Does she live with you? Don't end it. Your situation is hard at this moment, but it will change drastically."
1598591094,SuicideWatch,"Hey, I’m so sorry you’re going through this. You’re doing an amazing job of keeping yourself going, even though it doesn’t feel like it. One day at a time. Afford yourself every kindness you possibly can, you deserve it. Hydrate, sleep, and eat. This will come to an end and you will connect with others again in beautiful and meaningful ways."
1598403546,SuicideWatch,If you don’t care about yourself why should someone else
1598283501,SuicideWatch,"There isn't really truth to it, and even ""Tyrone"" and ""Chad"" don't get emotional support. There is no point separating us guys into Chad's vs whatever's, we've already got a lot to face, and growing bitter doesn't help anyone or anything. Inceldom is never the answer."
1598268716,SuicideWatch,"Haha, it feels a bit like I am talking to myself :). Once, I read a good idea: ""don't feel things about yourself that you would never feel about others"". You can believe that you're a piece of shit who doesn't deserve any love, who is a miserable loser that will never succeed in life. Then be harsh for your own thoughts (instead of being harsh for yourself). Is it that way? Do you think of others that way? Is it likely that they feel that way about you? Nope. Some people will not like you that much, but even they don't think that way about you. If they would treat you that way, they would be psychopaths. So don't do it to yourself. You do deserve better. You'll never be the most succesful, the most pretty or the smartest person who has ever lived. It's not necessary to be content with life. It isn't.

Well, I am glad that you have identified what could trigger a suicidal episode. That is a very important step. Listen to it, and act upon it. Do whatever helps you. Good luck, my friend and life colleague! :-)"
1598267973,SuicideWatch,"Okay, so you are intelligent and you are wasting a lot of effort on how this world works. I can relate. Teaching can be exhausting, and there was more respect for teachers 20 years ago. But we didn't have Reddit twenty years ago, so there's that. I'd finish your degree in English. You have options afterwards. Teaching at university is ambitious (I am doing it, in Sociology), but a nice job. It does not provide me happiness, but happiness can only come from within and it doesn't need to be there constantly. If you don't succeed in getting that degree, you're not a failure. 

Patience, as patience with yourself, is a muscle. It can be trained :-). I believe in helping others, even family, friends or a stranger, because it takes attention away from the self. People who are going through what you (and I) are going, often spend a lot (A LOT) of time thinking about themselves, to the extent that it is not even productive anymore. You're probaby critical for yourself, and for others. Patience and empathy for others can become patience and empathy for yourself. You mentioned an ex, a heartbreak does take time to heal.  Take that time.

I understand. If you feel bad, take out your walking shoes and put your jacket on. Even if the weather is atrocious. Walk for 15 minutes and you'll feel better afterwards. Perhaps meditation would help as well? Identify the things that can provide you calmness and ease. If you can pause your mind even for half an hour, you're on the way to recovery."
1598267267,SuicideWatch,"Have you thought about voluntary work? I think helping others might be a good way to help yourself. I recognize a lot of your feelings, and it helped me. Being alone also helped/helps me. Walking in the nature, with or without backpack. No one to be insecure about and time to think. Having a good sense of humor brings you far in life. You don't have to know exactly who you are, since it changes every minute. What did you study in school? Do you desire to start again in time?"
1598266957,SuicideWatch,I did read your rant. Can you name something you like about yourself? When was the last time you did something good for someone else?
1598452201,SuicideWatch,"What country do you live in? I assume you're in high school? Teachers are supposed to be mandated reporters at least in the US, not your therapist. That's nice and all but she should really be pushing you to go to counseling or something."
1598582593,SuicideWatch,Why are you uncomfortable exactly?
1598488404,SuicideWatch,"Wait, he deleted this post or his account?"
1598488391,SuicideWatch,"Ok, thanks for letting me know!"
1598278900,SuicideWatch,Please don't go the incel route...
1598665597,SuicideWatch,"The point of writing poetry- or any other hobby for that matter- is not to produce something deemed as ‘good’, its for you to enjoy doing it. Make the goal of writing poetry to enjoy the process,  not to create something ‘good’. If you enjoy it that is all that matters"
1598636033,SuicideWatch,"No worries, I love helping other people out."
1598635770,SuicideWatch,I used to feel that way. I found out that by writing out the good things I did in a day (even if its menial like holding open the door for someone or completing a chore successfully) helped me with the mindset. I mean I still mess up but I also appreciate the times that I dont yknow?
1598635596,SuicideWatch,"I would suggest reaching out to your friend anyways. it doesnt even have to be in order to get something, just to talk yknow?"
1598635507,SuicideWatch,Dont be afraid of messing up thats part of life. All that matters is that your intentions are pure.
1598634470,SuicideWatch,There is no way of knowing peoples bodies are different what might kill someone might not kill someone else. That said I agree with the other user don’t kill yourself we are all here to help.
1598632677,SuicideWatch,Its really hard to make friends nowadays its like everyone doesnt want to commit to stuff. I still feel like an outlier or an afterthought even when I’m hanging out w my friends so I definitely know where ur coming from.
1598486431,SuicideWatch,Got any hobbies?
1598485639,SuicideWatch,"There is no such thing as a painless suicide. They are all extremely painful, even if you think you're ready to die."
1598485504,SuicideWatch,I tried texting him.
1598581351,SuicideWatch,"Indeed, how long were you together?"
1598580745,SuicideWatch,Ever thought about polyamory?
1598448297,SuicideWatch,"If you think your parents did something inexcusable for you to hate them so much means that you deserved better, not that they deserve worse. You might never be able to hit the kind of sense that you think they “deserve” to know.

Don’t waste your time in teaching people a lesson. Be happy and grateful for finding the right person and the right friend. Help them, love them, love yourself. Don’t wait to receive love from all sides: it only comes from within and the good deeds that you do for others without expecting anything back."
1598642666,SuicideWatch,"Dude, you shouldn't reccomend psychedelics (especially acid) so willy billy, especially not to people who are not in the best places mentally, that'll more likely just make it worse and multiply their issues."
1598642379,SuicideWatch,"Don't mess around too much, honestly just go with weed of anything since it's pretty harmless. Psychedelics can be extremely dangerous/harmful if you are not on stable ground mentally and don't know what you're doing. That being said, it can still help you, but we're barely researching how to do it properly and it needs to be a little bit added onto therapy."
1598642060,SuicideWatch,"Please ignore the guy who recommended psychedelics. If you do not know what you're doing, or are in a bad place mentally, you will ruin your life. Please heed my warning! You really need to have your stuff sorted out before you drive into that rabbit hole...

I made the same mistake, and I regret it so much. You just really need to know what you're doing and be on stable ground."
1598632223,SuicideWatch,Im not gonna sugar coat it or speak down to you I think you have a rough situation. If there is anything I can do to help please let me know. I want you to feel better.
1598632145,SuicideWatch,"It sucks but it was a lose lose situation and you picked the least bad option. Are there maybe non immediate members of your family you could reach out to?

I would follow it up with the cops and or take your neighbor to a small claims court. You should at least try to get your chickens back, its not fair that your neighbor thinks he can drunk drive without consequences, what if he hits a person next time instead of chickens?"
1598631936,SuicideWatch,May I ask what country you are from?
1598631724,SuicideWatch,"1. Moving away was the correct move imo, living with abusive parents is not a good combo. They are probably upset that they cant control you as much at a distance

4. WTF? Did you talk to the neighbor / get it resolved? He should buy you new chickens."
1598631577,SuicideWatch,That sucks you might want to check out r/raisedbynarcissists Also feel free to express any and all feelings on this sub its not a burden we want to listen
1598631425,SuicideWatch,Its really frustrating. Its like when things finally go well (these moments are few and far between anyways) my mind is trying to think of all the ways it could get ruined
1598628897,SuicideWatch,I'm going to write mine soon.
1598677621,SuicideWatch,"Nah man, they're definitely able to help those who are stable, but fuck up those who arent stable and ready for such an intense experience. Or those without supervision. What if they have a bad trip? What if they go all the way down and try to commit suicide? It's like the extreme form of BPD, what I have."
1598243933,rit,That's actually not entirely true. There is a follow up protocol for reports that identify specific individuals or groups. I know people who have had to have meetings with staff because of a violation.
1598308219,rit,I meant SU. They are only reporting numbers from testing done on campus.
1598304874,rit,It says right on their web page that they are only reporting tests administered on campus.
1598302649,rit,The opted to have everybody prescreened before arrival on campus.
1598297606,rit,Correct. RIT used off campus and out of state testing for their initial screening and has not commenced on campus testing so far. These are all schools with notable labs that can perform their own PCR testing or have contracted that service to a lab. They know how many tests are performed and the results of each of those tests.
1598296554,rit,RIT doesn’t have access to those numbers.
1598414096,rit,There are a few at the end of D lot by the field house
1598710609,NCSU,Omg what happened??
1598710587,NCSU,Have you thought of studying outside? It's pretty great
1598281742,NCSU,God I miss Two Guys...
1598469039,NCSU,"I'm absolutely furious with this ""leadership"".

How could you not see this coming? I thought we were supposed to be the smart ones.

All you accomplished was making a bunch of people get sick and starting an outbreak for **no reason**. Now, send them all home at once to spread it back to their families and communities?

What a clusterfuck."
1598468659,NCSU,Think and Do?
1598467202,NCSU,There's an ncsu off campus fb group. I've heard to stay away from valentine commons
1598466675,NCSU,"To be honest, I'm embarrassed to be a student here with the way this has been handled.

Not that it's much better in other universities."
1598420696,Cornell,Maybe it’s because the discussion section says that they’re starting in person? So like if you can’t go to discussion you can’t be in the class at all (likely because it’s part of your grade) so they won’t even give you the opportunity to take a spot in the lecture.
1598419046,Cornell,"There are two bank branches in the Cornell store on campus so you can open an account there pretty easily. Unfortunately, some larger banks like Bank of America don't have branches in Ithaca, only ATMs, so you may have to open an account with the smaller banks like the ones in the Cornell store."
1598418922,Cornell,"Bruh whatever you do, take 2150. Even if you need to do it in the spring. Prof Smith is amazing!"
1598418822,Cornell,"For a student, it's highly unlikely many of us will die but I'd be more worried about the students being reckless and giving it to either those who are immunocompromised or some of the older professors."
1598382420,Cornell,"*beep. boop.* 🤖 I'm a bot that helps downloading videos 
###[Download via reddit.tube](https://reddit.tube/d/Ly1bn6T?t=1598382418)

If I don't reply to a comment, send me the link [per message.](https://np.reddit.com/message/compose?to=VredditDownloader&amp;subject=Download&amp;message=Put%20your%20reddit%20video%20link%20here%20and%20click%20send%20)

[Download more videos from Cornell](https://www.reddit.tube/category/Cornell)

 ***  
[Info](https://np.reddit.com/user/VredditDownloader/comments/cju1dg/info/)&amp;#32;|&amp;#32;[Contact&amp;#32;creator](https://np.reddit.com/message/compose?to=-botbert)"
1598240404,Cornell,"yea, nasties is definitely open, went last week"
1598319505,Cornell,"A TikTok star (idk how to define star but she has \~550k followers), posted I think on Snapchat about going to a party and followed it up with something along the lines of ""those who respond saying I'm not social distancing wouldn't have been invited anyway."" People saw this, were disgusted by it, and now there's a petition going around to rescind her acceptance."
1598554806,Cornell,That is the stereotype yes
1598554523,Cornell,Yea I am. What’s wrong with taking them over the summer? Is it because you probably won’t learn the material as well?
1598577246,Cornell,I was glad but kinda shocked flights weren’t canceled
1598648583,Cornell,Thank you for the explanation. I’ll check and see what I can do.
1598644354,Cornell,"Lmao okay, do you think I should explain to the professor and stuff or just leave it?"
1598329727,Cornell,"Mm that’s really up to you. Maybe take something to fulfill general requirements. I’m not familiar with the engineering curriculum since I’m in A&amp;S but over here we have general studies requirements. It may not even matter because you might end up dropping it or another class.

Two additional things I noticed in your schedule: you’re taking an FWS offered by the English department. Apparently the FWS classes in the English department are harder than the rest. And the second thing was that your lab for 2090 overlaps with a seminar. You should probably move to another lab section."
1598494321,Cornell,1350 and 1440 are really geared towards bio majors. They’re reading heavy classes designed to kick everyone’s butts. They’re the weed-out classes. Their medians are Bs so not exactly “easy” GPA boosters.
1598152921,Cornell,Idk if it's up yet but I think it's just netid and password. And I think it's case sensitive.
1598370577,Cornell,"Oops, I guess it's no longer online, my bad"
1598370479,Cornell,"""Your estimated wait time is 22 minutes"" ..... Jesus Christ."
1598370267,Cornell,I got the same email! Thank god someone else did.
1598370113,Cornell,"You should take a look at the enrollment caps on Tableau, might help in choosing which ones will likely not fill up in the first round."
1598289754,Cornell,I'd add another class you are interested in taking. That way if you find out that you can't handle one of these classes but are past the adding deadline you won't be in bad academic standing (&lt;12 credits).
1598289578,Cornell,"Probably not.

I got there an hour early and they took me right away. When I was there, it wasn't very crowded. They were kinda just waiting around."
1598317249,Cornell,"So I think what may be happening is that you have clicked ""search"" under where it says Class Search, My Requirements, My Planner. At least, that's the only way I could get a screen that asked if the course number was exact. Instead, put the class number where it says ""Enter class nbr"" and click ""enter."" That will take you to a page where you confirm which sections you want to be in.

Additionally, make sure that you are adding the number to the left of where it says LEC 001, DIS 201 etc. Most of them are 4-5 digit codes. 

Hope that helps!"
1598389917,Cornell,"Take STSCI 2150. Prof Smith is ***phenomenal***. She's kind and funny and has a really good lecture presence that is super conducive to learning. She made me actually want to go to class. She's also super understanding if anything in your personal life keeps you from doing a lab, you just gotta ask for an extension. So far she is one of my absolute favorite teachers, both as a person and as an educator. You'll learn everything you need to know in class so the prelims are easy money if you take notes in class."
1598549601,Cornell,You have to keep up with the lectures. I took both 3570 and 3580 over the summer. It wasn't horrible. I actually kind of liked having the lectures recorded. It's orgo ya know? It sucks but if you buckle down and do the work you'll do fine.
1598456041,Cornell,I think it is open already. My friend said she saw a Starbucks employee outside giving out free reusable cups.
1598225504,Cornell,"IthacaToGo, DoorDash, and Grubhub are all active in Ithaca. Also idk if you have to stay in quarantine but if you don't you could go to Nasties (aka Bear Necessities for the frosh)."
1598718702,Cornell,Aren't there always?
1598717356,Cornell,"Yes, I am premed. Since I am also pursuing other majors in an attempt to get out of here with 3 majors and a minor, I find it extremely helpful to take an hour and create an Excel sheet with all the classes you have to take over the course of 4 years. The Biochemistry concentration requires a class called BIOMG 3300 (or the 3310-3320 sequence) in order to take pretty much any other class so if you don't plan ahead you may not complete all the requirements for the major on time."
1598309656,Cornell,Technically only 4 of the 8 colleges are public but practically Cornell as a whole is legally a private university. Legal counsel agrees.
1598308917,Cornell,"***Cornell is a private institution. While it is a land grant university, it is legally treated as a private university. The Constitution only applies to publicly funded institutions because they receive government funds.*** The First Amendment applies only to government entities attempting to take away free speech and right to assembly. Private universities can do what they want. CUPD is not the enforcer here, it's the school because the punishments are after the fact. 

&amp;#x200B;

To quote the Freedom Forum Institute ""There is a fundamental distinction between public and private school students under the First Amendment. The First Amendment and the other provisions of the Bill of Rights limit the government from infringing on an individual’s rights. Public school officials act as part of the government and are called state actors. As such, they must act according to the principles in the Bill of Rights. Private schools, however, aren’t arms of the government. **Therefore, the First Amendment does not provide protection for students at private schools.**""

Several sources agree that this is the case:

[https://www.thefire.org/resources/spotlight/public-and-private-universities/#:\~:text=When%20discussing%20free%20speech%20on,to%20private%20and%20public%20institutions.&amp;text=Private%20universities%20are%20not%20directly,which%20limits%20only%20government%20action.](https://www.thefire.org/resources/spotlight/public-and-private-universities/#:~:text=When%20discussing%20free%20speech%20on,to%20private%20and%20public%20institutions.&amp;text=Private%20universities%20are%20not%20directly,which%20limits%20only%20government%20action.)

[https://harvardcrcl.org/first-amendment-on-private-campuses/](https://harvardcrcl.org/first-amendment-on-private-campuses/)

[http://www.knowmyrights.org/knowledgebase/publications/free-speech-rights-on-private-college-campuses](http://www.knowmyrights.org/knowledgebase/publications/free-speech-rights-on-private-college-campuses)

[https://www.elon.edu/u/academics/communications/journal/wp-content/uploads/sites/153/2017/06/10Ardinger.pdf](https://www.elon.edu/u/academics/communications/journal/wp-content/uploads/sites/153/2017/06/10Ardinger.pdf)

It is highly unlikely that a judge will approve an injunction against private universities taking steps in favor of the well-being of their students, especially when said private universities have had their students sign compliance contracts. The fact of the matter is that our perception of the Constitution as the last word on everything the happens in the US is ***wrong.***"
1598626438,Cornell,I don’t know about better but Prof Smith (2150) is phenomenal.
1598533283,Cornell,"Yes TCAT is running. The app that currently works is 'Transit,' unfortunately 'Ithaca Transit' hasn't worked for me. I think you have to pay for a bus pass to use the bus during the day as a sophomore, I think it's 100 dollars."
1598565356,Cornell,I think so. Depends on the prof and the specific class. Stuff that sounds heavy probably is heavy.
1598650136,Cornell,"Good housing in Collegetown goes so fast, jump on it while you can."
1598480797,Cornell,"Nah I think it was yesterday but idk, I only heard it secondhand"
1598292508,Cornell,I was reading on the subreddit that some apartment gyms are open. But not sure. Someone correct me if not...
1598292456,Cornell,"You will have to check with the minor. I would say the answer is no, they have to be graded. But still check."
1598291735,Cornell,Do we know how many positive cases there are so far?
1598566089,stanford,"&gt; No one’s “four year plan” works to perfection though anyway. 

This is the truth. My first four year plan had me taking PWR 2 senior year. Needless to say, it was revised many times."
1598566044,stanford,"So many people plan to do a dual degree at the start of their college careers, but few people actually end up carrying through with it. When it all comes down to it, there's not much of a practical difference between a dual degree in CS and biology and a degree in CS supplemented with only the biology classes that interested you. You won't have two degrees written on your transcript, but that's about the only difference."
1598493103,UCI,Thank you! I’ll keep in touch. She doesn’t have an Instagram unfortunately :(
1598562848,udub,"Disagree with this, especially for majors like engineering/phys; it makes no sense to require us to take humanities classes. For engineering, people always complain about hw so adding in a whole different subject where the hw is completely different would detract from their engineering time, and for physics, lots of people go on to grad school where the only grades which are really looked at are those in sciences/phys. The result is that the science people end up taking these classes because its required, not paying attention, not caring much for grades, and just not liking the class overall."
1598717411,udub,mm yes i miss spacing out and watching people play league
1598400837,udub,Marxists are definitely against everyone being able to eat!
1598575432,udub,"But the thing is, i’m a double major in phys and chem, plus i’ve already taken half of my gen eds, so I don’t see how taking French 202 (VLPA) will be useful when i already speak french or Microecon (I&amp;S) when I’ve taken psych courses and learned enough microecon from my friends who major in it. Like, what good will that do for me, it’s not that i haven’t been introduced to it, but that i have and then subsequently noticed it takes too much time for “half my degree” to be outside of real sciences"
1598577214,ASU,People are so fucking cringe wont say shit
1598577162,ASU,sunny is my only friend
1598736597,ASU,"*beep. boop.* 🤖 I'm a bot that helps downloading videos 
###[Download via reddit.tube](https://reddit.tube/d/3BvIrIg?t=1598736597)

If I don't reply to a comment, send me the link [per message.](https://np.reddit.com/message/compose?to=VredditDownloader&amp;subject=Download&amp;message=Put%20your%20reddit%20video%20link%20here%20and%20click%20send%20)

[Download more videos from ASU](https://www.reddit.tube/category/ASU)

 ***  
[Info](https://np.reddit.com/user/VredditDownloader/comments/cju1dg/info/)&amp;#32;|&amp;#32;[Contact&amp;#32;creator](https://np.reddit.com/message/compose?to=-botbert)"
1598507975,ASU,Thanks
1598151193,ASU,"You are forgiven!

Honestly, I would say i feel I am more retarded than stupid if we want to be exact about this"
1598146387,ASU,"Spotted the assumer

Im not in a frat and i dont party"
1598144503,ASU,"I hold my beliefs as long as my evidence supports them, and when new information is taken into account i try and update them.

Yea usually these convos are very heavily emotionally charged so usually its difficult to get substantive responses to my arguments, but some people on this comment thread have done just that!"
1598143594,ASU,"The comment was made in reference to the OP about a party of im assuming college aged people, but yes point taken.

From some wonderful discussions in this comment section I have since revised and updated my beliefs about covid, and wish to leave the comments up incase anyone who previously shared my thought process would be interested"
1598257370,PennStateUniversity,"Talking about college bros, not toddlers"
1598255953,PennStateUniversity,What's the hospitalization rate?
1598255862,PennStateUniversity,What do you have to say on his rona ventilators bit? Don't have a good retort eh?
1598255794,PennStateUniversity,Get used to the sound of ventilators kid.
1598255505,PennStateUniversity,"Still gonna be on a vent, not enjoyable"
1598255421,PennStateUniversity,Call on em just for the music
1598255382,PennStateUniversity,Facts don't care about your feelings.
1598255335,PennStateUniversity,Depressed cause you can't go to your parties huh? Sad!
1598255224,PennStateUniversity,&gt;14
1598255159,PennStateUniversity,Words words words. Can I get a summary on that?
1598255116,PennStateUniversity,Gonna cry?
1598255033,PennStateUniversity,Rent free inside your head
1598661601,PennStateUniversity,Go troll somewhere else pussy.
1598723770,PennStateUniversity,"*beep. boop.* 🤖 I'm a bot that helps downloading videos 
###[Download via reddit.tube](https://reddit.tube/d/qvx1juh?t=1598723766)

If I don't reply to a comment, send me the link [per message.](https://np.reddit.com/message/compose?to=VredditDownloader&amp;subject=Download&amp;message=Put%20your%20reddit%20video%20link%20here%20and%20click%20send%20)

[Download more videos from PennStateUniversity](https://www.reddit.tube/category/PennStateUniversity)

 ***  
[Info](https://np.reddit.com/user/VredditDownloader/comments/cju1dg/info/)&amp;#32;|&amp;#32;[Contact&amp;#32;creator](https://np.reddit.com/message/compose?to=-botbert)"
1598450533,PennStateUniversity,I’ve seen a lot of parents not wearing masks but students seem to be wearing them pretty wel
1598392179,PennStateUniversity,Have you read the articles? 33%
1598290992,PennStateUniversity,"https://www.cdc.gov/mmwr/volumes/69/wr/mm6932e3.htm

https://www.ucsf.edu/news/2020/07/418081/1-3-young-adults-may-face-severe-covid-19-ucsf-study-shows

I'm pretty sure college students interact with more people and spread the rona to more at risk groups. Number of deaths aren't that high, but hospitalizations are"
1598289607,PennStateUniversity,Who do you think pays me?
1598195049,PennStateUniversity,Apparently so since no one seems to try to stop them
1598189214,PennStateUniversity,"Join clubs, they might still have zoom meetings where you can meet new people"
1598276167,PennStateUniversity,Yes
1598721010,PennStateUniversity,How did these chimps get accepted into a university.
1598286135,PennStateUniversity,"Can't lick the boot if you are the boot. Coding bots is an awesome skill, if you really want to make an impact you should learn how to do it"
1598303514,uofmn,You’re arguing with anger and not thinking
1598303385,uofmn,"You should change your username probably, campus is part of Minneapolis, it isn’t some isolated island play place, you are in contact with people anywhere you walk or anytime you use transit"
1598303316,uofmn,Bruh.
1598302812,uofmn,But I’ve already seen a lot of college parties this year and most people aren’t even moved in yet
1598302723,uofmn,"Even if they are being good about safety that is a lot more germs to bring into a city, regular business would mostly include germs already there"
1598302649,uofmn,Because you’re knowingly bringing in a large group of people that would possibly disregard safety rules and would put an existing community at a higher risk than they already are.
1598302183,uofmn,I mean it’s more about infecting the people that actually live in Minneapolis
1598281943,uofmn,A tyrannical government can be scary
1598277229,uofmn,"It's concerning because campus was essentially closed during that time.  68 feels like A LOT considering how few people were around the area. As a soon-to-be former UMN employee, it's more than a little unsettling that they don't plan to report cases. Then again, the U doesn't have the best transparency track record."
1598189299,CollegeRant,I don’t get it either I was so pissed when I had to do it but it’s a requirement apart of the course and I even tried to fight it but it did nothing
1598188634,CollegeRant,I felt this for some reason at my school everyone had to pay a 300$ code to connect math and Spanish I paid it twice unfortunately for each class and you have no choice
1598306166,CollegeRant,Snoring happens often with people who sleep with their mouths open. Does this relate to you at all?
1598293311,CollegeRant,"Sorry, spicy buffalo wings and beer is more important than my life and the lives of others. /s"
1598282016,CollegeRant,"maybe consider seeing a doctor to figure out if the snoring is caused by a bigger issue, but in the mean time suggest that your roommate buy ear plugs or listen to music/white noise/asmr when sleeping to drown you out. you live in the dorm as well, you deserve a place where you can sleep peacefully"
1598531426,CollegeRant,Are you a freshmen?
1598641011,CollegeRant,"I did it too. Started college last year and I was bawling for a week straight after my dad left me in my dorm. Its scary. Its new. Its lonely. Its not pleasant at first, but there is so much potential. For me and for many it gets much better fast. Hang in there"
1598322233,GradSchool,"It’s not normal for people as a whole but it is normal for me as a person. I’m in counselling and I suggest you do that as well! Dropping out may not solve your problems, and it sounds more than likely your problems extend before and beyond your current degree. 
Good luck!"
1598299872,GradSchool,This happened to me and it took three months of PT to fix.
1598293954,GradSchool,"Congratulations! I'm glad for you! I'm also working on my first paper, got a reject after working 7 months on it. Will try to resubmit it. I am glad the second one is progressing a lot faster, almost ready to submit. Let's hope for two reviews :-). It's a hard journey indeed..."
1598731331,GradSchool,"I would see if there is someone in admissions at the schools you are interested in who would be willing to talk to you and ask them for advice on your application for that particular school. You can ask them what effect your grades might have on your application and what to do to counteract any kind of negative influence it might have. They can also give you a run down of everything that you will need to submit and deadlines.

I will say though that many application processes are similar. You'll usually need your transcripts, some sort of test scores (such as the GRE, LSAT, GMAT, etc, not sure what would be necessary for a therapy career), recommendations, a resume, a written statement, and maybe a few other things. Just getting those first few items together is half the battle, but after that, it's just addressing those unique items for each application. I've heard that checklists and calendars help with this so that you can verify that you have everything and don't miss any deadlines."
1598730766,GradSchool,"It is going to depend on where you go to school and the program you plan on entering. My suggestion is to look for schools in Texas that provide the degree that you want and contact their admissions office for questions about the program, financial aid, scholarships, loans, and graduate assistantships. 

For my current masters program, I am working as a part-time GA on campus, have scholarships, and still have to pay out some money for my classes each semester. I'm also fully responsible for my living expenses. My school is not a large research institution though, so certain opportunities, such as tuition wavers or living expense stipends, just aren't available. Other schools that I applied to did provide such assistance but didn't really have the program that I wanted which was why I passed on those schools. 

You'll probably see similar differences as you contact universities about their programs. You'll have to decide which one is the best fit for your needs."
1598605509,GradSchool,Amen
1598244170,GradSchool,"Yeah, that's what the incentives are. Even when I'm feeling awful the work must carry on because science is such a huge part of my identity and if I lost this too then surely there would be nothing left. On the flip side work is also a great distraction from general life problems precisely because its easy to get lost in."
1598243649,GradSchool,"That's sad though isn't it. Like that's literally how high functioning depression and anxiety go untreated until it boils over. 

Mental health can be so nebulous and unclear, just like the entire grad school experience."
1598230940,GradSchool,"I am by far the least intelligent person on my masters course. The more intelligent people around me have proved an invaluable resource.At first I felt inferior, and intimidated. But then I realised being surrounded by these people challenged and extended me; Which can only be a positive. Furthermore, I realised that none of them viewed me in this way, despite some ridiculous questions and a big need for assistance. But, they just viewed me as a fellow student, trying to get by. We all felt out of our depth and were unified by that. A lot of success in further study, is the capacity to self motivate and focus. I also found my masters so much more engaging than undergrad because I was focusing on something I really loved. You have to trust the admissions team, you have got in for a reason and you deserve to be there. As long as you commit enough time to understanding your content, going beyond the course material your lecturers will realise this and be more than willing to go above and beyond for you. It isnt a case of intelligence equals success, more dedication."
1598226837,GradSchool,"If you did everything in your power to wrap up early right now, would it be worth it?"
1598226391,GradSchool,"Wow, that's incredible that you achieved publishing an official paper! Great job!"
1598195167,GradSchool,"Finding your groove is difficult and took me more than a year to settle into my program. Its still hard, but I manage it better now."
1598292917,GradSchool,"Ultimately it is your committee who decides if you can pass though so it could be worth asking what they think. I'm sorry you're in this position - but I know people who have managed to wrap up early when they really needed to leave their research group for one reason or another. Switching groups might also not be awful (esp if its a related field/project?), but its very understandable why you might not be up for that right now."
1598288739,GradSchool,"I wouldn't mind your stuttering. Your colleagues will normally be smart and empathic enough to understand what it is. You can always mention it if you feel really unsure about it, that is your choice."
1598288547,GradSchool,"Never take impulsive actions. The epidemic is harsh for nearly all PhD students. No conferences, very few contacts with supervisors, just you and your thoughts. I would wait it out a bit."
1598288129,GradSchool,I see both sides of this and its rough. But it is very possible to be dying inside and also so used to chugging along at your job that no one notices. Having objective metrics for something so individually variable is already an impossible task.
1598470151,GradSchool,"In my experience, the students that ask most of the questions are either angels or the bane of my existence. Of the latter, they are probably like this due to insecurity or something and if they don’t like their performance then they will take it out on you in whatever way: commenting on appearance, how you talk, etc. One of my students went off about my lisp in her eval. She got a C. Yes, my lisp is why you couldn’t study for the quiz...

My best advice is to try your best to separate yourself emotionally from the courses you teach. It’s cool to be a great teacher and all but... that’s not what you’re there for. And you’re certainly not there to entertain a bunch of children. Evals and student comments mean nothing about you as a person and are overwhelmingly inaccurate. Browse r/professors to see what it looks like when you let them get to you."
1598463050,GradSchool,"They are, actually but the most I can do is copy the framework so let's see. Thank you!"
1598461894,GradSchool,I was thinking about that too but they want something entirely new. Basically we will be allocated a faculty advisor according to our topics (it's a weird system and I can't change that)
1598460506,GradSchool,"This is going to be weird but I should Literature in hopes of bringing something different to the field. In my previous term papers, I made drew links between video games and Arthur Miller's plays. I like going interdisciplinary and proving that English Literature isn't an isolated field. I've been encouraged to do Digital Humanities but I have no idea how to come about that even though I'm interested in the fact that it brings in actual softwares to approach a text

To answer your question, novels got me into literature. I love stories and pulling them apart."
1598222505,GradSchool,Great job!
1598215037,GradSchool,They won't expect you to know on the first day ;) take the next year to explore and examine different parts of the field. Have fun with it!
1598209208,GradSchool,"Make no mistake about it, graduate school is hard. Though try to trust in the insight of the faculty members who believed in you enough to want to mentor and admit you. You showed them your ability to succeed. 

Adjusting to graduate school is a process. Don’t expect perfection from yourself. You WILL stumble and fall and get up again. You’ll be wiser and a better student for it. You will feel exhausted and colonized and over-extended at times. Eat, sleep, exercise, and socialize anyway. 

You’re going to be amazing. You got this."
1598143889,GradSchool,"Aww, I'm so sorry you had trouble with your Bachelor's. :/  If needed, ask a tutor at your school for assistance. I'm wishing you all the best this year! Remember to take time for yourself during these times, as well!"
1598142894,GradSchool,"This is so true. Thank you so much! I wish you all the best, and hope you are safe and healthy during these times!"
1598276288,GradSchool,With two papers you could probably call it quits. I dont know what the structure of graduate training is at your institution - do you have a committee you could consult?
1598318644,gradadmissions,"Philosophy of math, stats, logic, and science. Formal epistemology, really any formal philosophy."
1598306361,gradadmissions,"There are areas of philosophy that are quite math heavy, though as the other poster said, GRE score is no indication of whether you would succeed in or even like those areas."
1598306065,gradadmissions,No
1598497592,gradadmissions,"I'd reach out to a few departments you're interested in and ask. They may have a few courses they'd require before hand, or they may not. They're in the best position to give advice. Typically every department has a graduate program director who's job is to know these sorts of things. I wish you the best of luck!"
1598487824,gradadmissions,Are your work and volunteer experiences relevant to clinical psych? If they're not that could shorten it. Mines 4 pages for a different area of psych.
1598468850,gradadmissions,Thank you.
1598241719,gradadmissions,!remindme 12 hours
1598380182,gradadmissions,!remindme 6 hours
1598380155,gradadmissions,"I'd like to know more about this myself. I'm finishing up a masters this fall and am applying to phd programs. I have one conference paper/presentation/poster and one published journal article. I have an additional two in the works which I hope to publish very soon. I've heard this level of activity is superb, but idk exactly."
1598196358,gradadmissions,"Idk about Purdue, but my MS program rarely admits non-thesis applicants that aren't sponsored by an industry partner. Essentially, they don't want to provide financial support to students who aren't going to produce research for the school. 

If you're planning to pay your own way then they might be accepting. But that's wildly expensive to front."
1598195254,gradadmissions,Google it. If you can't research where you're going to go to do research then you shouldn't be in graduate school.
1598195018,gradadmissions,Your profile seems good enough to get into Purdue. What is your research background?
1598161253,gradadmissions,Do you write the LOR for your students yourself??
1598161215,gradadmissions,"Same here, and I totally get what you're going through. Given that we can't physically approach any professor, the tension of getting even a single lor from a faculty is quite a lot. The application is basically nothing without an LoR"
1598159193,gradadmissions,That's the spirit. You go kick ass!
1598157629,gradadmissions,"I have no answer, but I'm sorry this happened"
1598287017,gradadmissions,Maybe they only take students that express interest in working with them through their statement of purpose. Idk though. That would stress me out for sure.
1598281257,gradadmissions,"I'm in the same boat. One of my research interests only has 4 schools. Luckily, I have a secondary related interest but that's only at 3 schools. So, maybe try to find something related that you'd still be excited to study."
1598456459,gradadmissions,"Well, seemingly, most universities don't offer assistantships to coursework based MS degrees. So unless you have an industry sponsor to pay your way you'd need to cover that out of pocket"
1598454646,gradadmissions,Yeah maybe.  Thank you for your response
1598453619,gradadmissions,Oh. Idk if I can make that goal then. My exam is a week from today and I have no time to study.
1598453073,gradadmissions,My mistake. I scored a 169Q on powerprep 1. I scored the 160Q on powerprep PLUS 1.
1598451995,gradadmissions,Do you know what forum that is?
1598204092,gradadmissions,You could still go the thesis route and potentially get funding. Idk if I could recommend attending grad school without an assistantship unless you're swimming in cash.
1598732532,gradadmissions,"I've taken it once and plan to retake it in a few days. It's pretty tough overall, but if you approach it correctly it makes it easier. The first time I took it I received a 165V/160Q/4.5AWA after studying ~140 hours alone and on only 4 hours of sleep. My preparation this second time around is focusing only on the quant side because that's what matters for my applications. 

My recommendation is to buy and work through the ETS GRE book to review the basics. Then watch YouTube videos to learn the ins-and-outs of whichever sections you're struggling with. The ""Tested Tutor"" on YouTube helped me get my quant score from a 160 to a 169 on the free practice test 1 offered by ETS. Then I took the PowerPrep Plus 3 exam, which most people seem to indicate is the most accurate prep exam to the real test, and scored a 164. Better than my previous attempted to be sure. 

In general, the powerprep plus exams are much harder than the free two they give you with your registration, and if you were to only buy one I'd pick up the 3rd one. If money is really tight then I'd pay for the test registration and only buy PPP3. You can learn most of what you need online for free from the various Youtube tutors and online resources such as ""101 most used gre words.""

What are the requirements specified for that program?"
1598730504,gradadmissions,"Take the exam. Lots of schools use it for determining who gets fellowships. That program may do the same. And if you have a solid ""in"" with a renowned professor already it only makes sense."
1598650433,gradadmissions,"I think it varies, but I know some programs use it for such. That could internal, University based fellowships though."
1598644554,gradadmissions,I would say it seems like you're rather competitive. Your GPA and research experience alone are strong. You might should take the GRE just in case. I know some programs use it to determine fellowship offers.
1598615405,gradadmissions,This gives me so much hope! Thank you 🥺
1598564122,gradadmissions,"That's the kind of thing you can ask them. Some profs want an exact match for a grad student and some are fine with a methodological match. Just tell them you're interested in their work because of x,y, and z theories and see if they think your work fits in."
1598563230,gradadmissions,I am horrible at standardized testing of any kind. Graduated summa cum laude in undergrad. I refused to take the SATs as well and opted for community college instead.
1598539246,gradadmissions,I unsuccessfully searched for a job for 18 months after getting my UG degree before I returned for an MS. My current advisor asked about it during my hiring and I explained what it was. It seemingly didn't affect me in any negative way.
1598255505,csMajors,"BTW have you replied to recruiter who reached out to you? I did, pretty much just acknowledging the email and saying thanks, over a week ago, and she hasn’t replied yet."
1598254888,csMajors,"Datapoint: I got past the resume screen. I have no prior internships, but I’ve worked on a lot of cool programming projects and go to an Ivy League school."
1598588822,csMajors,How are any of these projects mankind any money for google? I though that was the point of working for a business....
1598365273,csMajors,"Strange. I received an email from a Facebook recruiter very explicitly saying they haven’t started recruiting for summer 2021 SWE interns yet but will contact me when they do. Were any of the phone screens, final rounds or offers from Facebook for SWE roles specifically or were they for other roles?"
1598365109,csMajors,I can’t tell the difference and I’m not colorblind.
1598646190,csMajors,Seconding this question.
1598293183,csMajors,OK! I hope I didn’t screw up by sending the email I sent.
1598510595,csMajors,Seconding the previous question someone asked here. Is this for new grad or internship?
