created_utc,subreddit,body
1590064235,BodyDysmorphia,Em I think you commented on the wrong post
1590112624,BodyDysmorphia,"Yeah I feel the exact same way but with my freckles, I feel like everyone is judging me on my freckles."
1590110268,BodyDysmorphia,"Oh no a fallen soldier, please dont friend zone your guy friend"
1590107930,BodyDysmorphia,"I'm sorry I have to disagree, if you are a guy with freckles then you are ugly af 😞 I know because I have a load of freckles"
1590107718,BodyDysmorphia,I would love not to focus on my freckles but I am covered in them
1590107646,BodyDysmorphia,Yes I feel the same way after I come out from a shower and dry off I see myself really ugly
1590032496,BodyDysmorphia,Body dysmorphia can be about any physical feature. Skin is a very common cause of BDD
1590032358,BodyDysmorphia,"I feel this, especially if the job is client oriented"
1589998118,BodyDysmorphia,I love summer but I always have to wear sun cream to stop more freckles from forming
1589937695,BodyDysmorphia,"Well when you mean pig do you mean that you are overweight? Because if that's the case then you are lucky because you can loose that weight unfortunately for me I have freckles which can't go away and to make it worse I have ginger hair, I live in Ireland and we aren't all redheads it's very uncommon, everyone in Ireland hates redheads and think they are the most unattractive people. Well I know I am ugly myself but when I see other guys who are uglier than me then I feel happy about myself. To make myself feel better, I call my brothers ugly as well because they know I'm better looking than them and I do this just to make me feel good about myself. My older brother deserves it when I call him fat or ugly because he used to always tell me I'm fat when I was younger and now the tables have turned"
1589933531,BodyDysmorphia,This is different for me I like to judge other people who are uglier than me to make me feel good about myself
1589933453,BodyDysmorphia,It's so bad for me when I drink alcohol because I literally can't stop looking in the mirror and when I'm drunk I can see every detail of my face and I just get so angry and upset I used to be able to drink no problem but my BDD is not good when I drink and
1589933212,BodyDysmorphia,I remember I used to go mad at people who used to always want to retake a photo because they said they looked ugly in it but now this happens to me I'm never satisfied with a picture of myself
1589841254,BodyDysmorphia,You said it! I relate to this.
1589834336,BodyDysmorphia,"Yeah I understand, I was up till 8am because I kept thinking about how ugly I am. My brother took a video of me and I looked at myself in the video and I started crying in the corner of my room. I completely understand you, I would love to give some advice but I have no advice to give."
1589826274,BodyDysmorphia,Aww thank you! &lt;3
1589814920,BodyDysmorphia,Thank you! I appreciate the sentiment.
1589814893,BodyDysmorphia,Aww thank you!!&lt;3
1589808249,BodyDysmorphia,Well I remember a guy messaged before on reddit and he agreed with me saying that freckles are ugly because he was covered in freckles himself and everything he said to me about getting rejected and ignored from girls the whole time. How am I supposed to gain more confidence when girls don't even as much as talk to me.
1589807816,BodyDysmorphia,Yes I have a normal face but my freckles just make me so UGLY
1589806612,BodyDysmorphia,You deserve it!
1589804665,BodyDysmorphia,Yes I’m happy to have this sub! Hope you’re having a good day!
1590164378,BodyDysmorphia,Not a hope in hell would a girl be looking at me because I'm good looking 😒
1589868729,BodyDysmorphia,"I feel you on that, you can’t even enjoy the things we should enjoy. It’s the next day where I am but happy birthday!"
1589859652,BodyDysmorphia,"I know you are trying to help, but I have tried to be confident in myself but that made 0% of a difference so I think I'll just remain with low confidence in that way I don't ever embarrass myself."
1589993967,EatingDisorders,"Dude, are you me? I️  literally am having the same issue. your are not alone xoxo."
1589914595,emetophobia,so happy for you! i hope i can be as brave as you were when my time comes
1589956294,emetophobia,California here! (^:
1590141583,emetophobia,"yup. i scratch my stomach when i feel ""sick"""
1590141524,emetophobia,Same with Horses. That is why they are my favorite animal &lt;3
1590141465,emetophobia,Do you like squishy things? I usually use those to calm myself.
1590141257,emetophobia,I think I'm mostly afraid of being so sick to the point I will end up in the emergency room. I think this was caused by my younger brother getting so sick back in 2004.
1590141049,emetophobia,"I really feel for you. I have been having adnominal pain and my stools have been so weird lately. The part where you talk about missing your old life hit me because I am feeling the same way. There was a time where life was good and (TW:\*D)...

...I actually did get sick one time but even then I did not feel scared. It's a completely different story now. Having this fear + symptoms is the WORST COMBO EVER I SWEAR.  The one thing that helps me is that if I ever do get sick, at least it can be treatable. I hope this goes away soon. Wishing you the best of luck."
1590132108,emetophobia,seriously ive started rubbing my own tummy to get those burps out. another really odd thing i remember working when i feel n* is putting a face cloth on your stomach and pouring cold rubbing alcohol and water over the cloth. I dont know why but my mom showed me that trick and i just start burping. not sure how safe it is though...
1589838241,EOOD,"Yesterday I went for a walk at a park with a trail about a mile long. It started raining at the start of my 3rd lap and I decided instead of getting in my car and heading home, I'm gonna run the 3rd lap in the pouring rain because I figured that life is filled with rainy days and I don't have to let it ruin my goals, the sun comes up eventually.  

Hopefully that isn't cringy or something, just thought I'd share."
1589921416,EOOD,"This is exactly how I quit smoking, now many years ago, and with very little weight gain. 

In public, when I didn’t want to hit the deck, I stood with one foot imperceptibly above the floor/ground to be less conspicuous."
1589706404,mentalillness,I got frightened when i turned up my brightness. That was not nice :(
1589706288,mentalillness,Well you've never tried Saphris!!!
1589706131,mentalillness,Schizophrenia more like it. Get tested. Get meds. Be happy.
1589706057,mentalillness,"Hey, I took zoloft. I was on it for a couple weeks but it did nothing for me, so I told my psychiatrist and he changed my meds. LOOK, If you don't think you're new meds are working then definitely change them, you've been on zoloft long enough that if it was working you would have noticed it. SO TALK TO YOUR PSYCHOLOGIST AND CHANGE IT!!!!!! One more thing, my psychiatrist did a DNA swab on me to see what meds would work best for my genetic profile, so ask about that too.

Source: Ive been on like 7 different anxiety meds let alone numerous depressions meds (Ive found a winning combo btw)"
1589705672,mentalillness,Hmm...Not sure how I feel about this...Then again I only have schizoaffective disorder. I like the abstract look of it.
1589705531,mentalillness,"Hello, Well my friend you just described me! Im in college now but when I was in high school I  got F's, D's, and C's. So let me tell you... It's not too late!!! To be honest Im still SUPER lazy and I still have a 2.55 GPA in college but Im a little bit more productive. SO the main source of my laziness stems from my own unwillingness to want to put any effort into anything BUT their were underlying issues as well. I was diagnosed my senior year with Schizoaffective disorder (A combination of schizophrenia and bipolar) and major depressive disorder. All of these ""disorders"" Have common symptoms of APATHY. So on top of my ingrained laziness there was also a crap load of other symptoms that contributed to this. Once I started taking Medication I felt 55% more productive :)

SO I recommend that you see a psychologist and get diagnosed because that could be part of the problem."
1589704783,mentalillness,"Hello, I'm glad I saw your post. I was diagnosed in 2016 with Schizoaffective disorder. So I was tested with a neuropsychologist, I definitely don't recommend this because it cost about $1500. So I have several questions for you that will help me answer you're question. 

1. How old are you? If your over 18 then there are OPTIONS!!
2. Do you have health insurance?
3. Did you self diagnose? Is the reason you want to find a psychologist because your not sure? Can you describe your symptoms? (it's different for everybody but obviously I have some experience in the matter)

I was extremely lucky in the fact that my mom was very inclined to help me with my problems. I let my mom know about my problems by using evidence that happened to me such as, Failing classes, being too scared to walk the dogs because I thought I was being pursued by someone, Hearing noises (specifically buzzing sounds and my name). If your mom is ignoring these issues you will have to take care of it your self. This can be a huge problem if you are a MINOR! You essentially cant go to any County based health care facility   
(where you could be tested and see a psychologist for VERY CHEAP) until you are 18. 

If you are a minor and none of these work the only other thing I can think of is to contact your other relatives, hopefully you're close to someone and they can get you the help you need. Otherwise please answer the above questions I have for you and I will try to help."
1589781991,mentalillness,I fantasize about having obscure illnesses that require hospitalization and my friends coming to see me. That's so fucked to type out. I hate it.
1589780703,mentalillness,"Are you diagnosed with anything? It could be anything, including just a sensory thing you happen to like."
1590207969,mentalillness,"That's normal when taking mood stabilizers/antipsychotics.  That's exactly what they're supposed to do, that is help you function better."
1589745457,mentalillness,"Well if you feel like you can function anymore then as I said previously, get a different family member to help you see a psychologist and psychiatrist. The next best thing is to talk to your school councilor. They have to meet with you and listen, so they could be the first step to you getting help. One more thing, check your state laws because some states allow minors to get medical help even if the parent wont help them with it (California is an example... You only need to be 12). Oh and if you do start taking antipsychotics....DONT TAKE OLANZAPINE UNLESS YOU WANT TO GAIN 40lb's!!!

Best of luck!"
1589805389,mentalillness,Engage with the disability community and see if you feel comfortable there.
1590118685,mentalillness,Do you have a doctor?
1590117745,mentalillness,"Many, many support groups run by licensed therapists are operating online right now. You don't have to rely on random people online who don't have credentials to help you. Look up resources specific to your needs that operate in your general area. (EX: therapy group, anxiety, St. Louis.)"
1589907424,MMFB,"Sounds like she always knew some of these things about you. Your mother just doesn’t want to believe in it or in you. However, I feel like she still loves you but old school mindset will always be strong. Just continue being yourself and don’t hide. Worst thing that could happen is you living a life in the shadows when the sun has always been waiting for you to come out!"
1589857718,MMFB,"Oops my bad. I guess I didn’t proofread. This guy didn’t cheat. But he did say “stop putting your past relationships on me” when I asserted my boundaries, because I was cheated on in a past relationship. So, sex is a big deal to me, and I could only do it with someone I really really trust. 

But otherwise, thank you"
1590114467,MMFB,There is no answer or plan or method to life. Live every moment with optimism and peace of mind. Everything will figure itself out through trial and error. You’ll still be graduating in your 20s and your life can start whenever. Don’t let school determine who you are as a person.
1589730284,socialanxiety,"I’m so sorry to hear that! That’s really terrible. Probably made them feel better about themselves- I guess if you don’t count the bullying part. Rest assured though that more people enjoy the quiet types than those who do not enjoy us. I’ve found that I’ve learned a lot more in life by sitting back and observing, so for that I feel grateful"
1589729754,socialanxiety,I’m so sorry you’re going through this. I’ve always been a person who doesn’t care what someone looks like or does with their life- as long as you’re nice and not harming other living things. What is your usual response when people do these types of things? I suggest you practice some good comebacks/defensive things to say. If people aren’t gonna give you respect then you’ll have to demand it. It’s unreal how cruel some people can be. Do people have to agree with or like your actions? No. Do they have to give you basic respect as a human being? Most certainly yes. Transphobia is very sad.
1589728883,socialanxiety,"Hahah true! She looked shocked. I didn’t mean it in a rude way I just needed her to see what it felt like. I don’t think anyone points out our shyness to be rude, but it does end up being mean ya know?"
1589726048,socialanxiety,I completely understand. People never fail to point out how shy/quiet we are. One time I pointed out that a lady was talking so much and being loud and I got some backlash?? Like excuse me but if someone had pointed out my lack of talking it would’ve been ok 🙄
1589924777,socialanxiety,I really hate when that happens. The web cam footage has no purpose.
1589746523,socialanxiety,"I just don’t think it’s appropriate though. Maybe someone doesn’t have something to add, they’re shy, they don’t understand, etc etc."
1589722609,socialskills,"One other thing I'd like to point out, people keep saying learn social skills yet they never tell you what they are, what are they??"
1589722025,socialskills,"I'm 18 too and in the same boat, I never had any close friends the second I moved to the UK, that was four years ago. I had social and health anxiety which I deal with a lot better now but that still caused me to not have any close friends while in school. I'm going to university this September and I hope I might be able to make at least one close friend."
1589789644,socialskills,"You'll be okay if you treat yourself right and focus on improvement. I was completely socially inept during high school (zero friends at my school, ate lunch in the biology lab), but the summer after I graduated I guess I suddenly ""realized the value of friendship"". I know, it sounds corny. But I made an active effort to get off my computer, go outside, exercise, and reach out to people with the intent of strengthening my bond with them. I was depressed, and I knew that sitting on my ass wasn't going to make it better. I made a conscious effort to change.

By the time my first semester of college rolled around, I   showed up to orientation with a completely open mind, intentionally introduced myself to as many people as I could, made the kinds of jokes that I find funny, and was able to make a couple long term friends. The people who like how you act will be drawn to you, and the people who don't can go F themselves. You will never be the same as everyone else, and that's okay. The brain can adapt and transform in a crazily efficient manner. Even if you can barely form a coherent sentence, most people just want friends that they can rely on, people that will have their back. If you can at least be friendly and supportive, you'll almost always be able to find people to mesh with.

If you have a serious amount of social anxiety, as a near-last resort I'd recommend trying Phenibut. Look it up and heed the warnings about it. It can work wonders. If that doesn't help you open up more, talk to a psychiatrist about other options. Good luck!"
1589854095,socialskills,How old are you? If you don’t mind.
1589846648,socialskills,Man I feel this so much. I really hope I can dig myself out of this hole I’m in. I may have lost my old self but hopefully someone new and exciting can come out of me. Take care bro
1589909232,socialskills,"It should be noted that, generally, teenagers don't tend to use the Internet to develop solely online relationships, but to further reinforce friendships with people they know offline..."
1589966375,socialskills,"I know it’s the next day, but HAPPY WOMB EJECTION DAY!!"
1590036225,socialskills,"I was in your situation a couple of years ago, where I tried everything and said everything I was supposed to and nothing happened. Friendships take time, it doesn’t matter how sociable you are. I would either continue to talk to the people you are currently talking to, or find some people who seem kind and stay with them.  It sounds like you’re shy and might just need some experience talking to people. Keep doing what you’re doing, and eventually results will show! It’s okay to be the shy/awkward guy too. You also don’t have to say everything perfectly. It’s okay to admit that you’re nervous or that you didn’t like it when someone made fun of you."
1590034237,socialskills,"I do this all the time, especially when I see people post on my universities sub reddit since it’s a small school."
1590092749,socialskills,"Figure out why you are feeling anxious about it. Do you admire them? Are you a fan? Are you worried about how they view your content? How they view you? Are you worried about what they will say about your channel? 

Once you figure out the exact thing that is bugging you, play through the absolute worst case, most anxiety producing possibilities in your head. Then challenge these ideas with self affirmations."
1590210452,socialskills,Not unless if you are friends or something. Keeping in touch makes most acquaintances happy (as long as they are interested in doing so of course).
1590209950,socialskills,"If they asked for you to come in they probably really would like to say goodbye in person. They might be mildly disappointed if you chose not to, but they wold understand and accept it."
1590209020,socialskills,Wow same. I felt this
1589937651,socialskills,Thanks! I think you're right. Practicing what to say does help a lot!
1589843893,socialskills,"Girls like talking about themselves, everyone does. Prompt her with some questions and see what question sparks her interest and dive deeper into that conversation. Finding a common show that you both watch / have watched could be a fun thing to bond over since there’s so much talking material to go off from!"
1589777652,socialskills,"I don’t think they hate you! It seems like they do enjoy talking to you and want to keep the conversation going! It’s just frustrating that they don’t give you much time to talk either. Maybe other people aren’t as good as a listener as you are, so they feel like they can only talk with you? 
Maybe try being more upfront, like “hey I really want to tell you something.” Or you can play a game of 20 questions and have them ask you 10 questions and you ask them 10? Hope this helps!"
1589777390,socialskills,"Hey! I sometimes feel that way too. What I try to do is just point it out. Sometimes when I’m talking I mumble without realizing, so I’ll literally just say “ahh I just realized I’m mumbling I know that can be annoying” and we laugh it off. You mentioned that you’re a big guy with a beard, so maybe you can make light of that. Like “oh my beard gets in the way of my words” or “I’m really just a teddy bear.” Whatever feels right to you and whatever you’re comfortable with! The point is not to put yourself down, but to raise you both up on the same level of bonding over the joke! Hope that helped!"
1589776919,socialskills,"Sometimes I read texts out loud to see how I’d respond if it were a real life conversation, that may be on trick. Also just asking questions (what have u been up to?) and coming back to them later. For example if they said “oh I have a lot of homework today” then you can circle back at the end and say “good luck on that homework you mentioned”. This also shows that you were listening"
1589776326,socialskills,I’m glad! We’ll get there!
1589775671,socialskills,Well I’ve gone through a lot of learning during my first two years... but they were also very lonely and depressing. I hope the next two years can make up for that.
1589769040,socialskills,"SAME HERE! It’s like when you get a gift on Christmas and you appreciate it but you’re not sure how to express it 😂 I find it difficult to say “im sorry”, “happy birthday”and “i love you” too. Some people might interpret this as me being rude but I feel like it just comes off as awkward :/"
1589768526,socialskills,I went thru this with a female friend when I was a senior in high school. It really hurt because we were close and I felt she was my *first* ever close friend in high school. I had a bond with her that I didn’t with anyone else. What was even worse was I never found out why she left me and never got “closure”. We were close junior year then she just ghosted me senior year. Obviously I’m over it now but I think about it every once in a while and how fucked up it was lol
1589768163,socialskills,"I’m in between. What you DO in high school means nothing after graduation but it’s a time in your life you can’t re-live. There’s certain things you want do in HS because you don’t really get the chance to after. I say this because this is how I felt during HS and now. I went to a high school that wasn’t really a good fit and I just didn’t have the high school “experience” I wanted, I never made memories I could look back on. Of course, I’ve moved on from it but having a social life is harder after HS. Maybe this might be so for me since I’m in community college as opposed to uni."
1589752619,socialskills,It's easy. Don't contact them and they won't contact you.
1589752592,socialskills,"I’ve definitely felt this way before! I haven’t really been able to ~crack the code~ in being the newcomer, but here are some things I’ve learned. 

1. Point to the obvious. Point out that you’re the newcomer and you’re not sure what’s going on! It’s comedic and also provides insight on how you feel. Try something like: “whoa you guys clearly have known each other for so long, I have no idea what’s going on.” They’ll laugh with you and most likely tell you more about their inside jokes and whatnot... 

2. It’s okay to listen, sometimes we just have to take time to figure out how the dynamic of the group works, and where we fit in. Sometimes I say something like “I’m taking this all in, you guys are so funny (or whatever adj. best fits).” Or “listening to you guys is so funny, I can tell you guys are really close!” This tends to open up the conversation for me :) 

Obviously this doesn’t always work. I’ve been trying to better become friends with a group of people I met through a school club, but I still always feel like the outsider. Some people are just cold and don’t make an effort to help others feel included. If that’s the case, remind yourself it’s not your fault!"
1589751643,socialskills,"I understand how if after having hung out with someone multiple times and them bringing someone else each time can be misleading. I’d probably be wondering too if they actually enjoy being around me. 

I know that I sometimes bring a friend to a hangout because I don’t want my other friend to be alone, so I feel as though bringing them is a nice gesture. Or I may bring another friend because I think the two would get along well. I typically do this when I’m with other girls. 

It’s a tricky situation! Maybe try asking your friend “hey, would you like to meet my friends?” So that they can get more insight on you and your life as well."
1589751259,socialskills,"I think also the difference is knowing when to back down. 
Going really far with a joke can be weird/creepy and make the other individual feel uncomfortable. 
When someone is goofy, they know how far to take the joke. They stop before the other person feels uncomfortable and they make it obvious that they are joking/not to be taken seriously."
1589996040,socialskills,"19M I barely talk to anyone from high school. I think especially for you, those times are gone. For me as well, those times are gone. Time to move on.

Our environment is what’s stopping us, our hometowns are small environments that don’t allow much growth. I can’t wait to get out."
1589995909,socialskills,"I think you’re right. For the last 68 days he’s been asking the same question.

Also he said he was 23 and he’s on the teenagers sub. If he is real and not a bot I think he needs to move on."
1589995793,socialskills,"Damn maybe try and find people with similar interests? 

So if you like (hobby) try and find someone else with that hobby. You’re more likely to be friends with someone who has similar interests since there’s more to talk about. 

My social life isn’t that good either, it’s tough."
1590177855,socialskills,"If you want to make some new friends you could try making a post on r/makenewfriendshere or pm me if u want :).

Edit: put the right subreddit"
1590202950,socialskills,Can I get the PDF?
1589705322,socialskills,"But then they will blame the friendship breakup on you because you stopped initiating contact. If you express your feelings, the toxic person will atleast have a reason as to why you’re stopping contact."
1589705012,socialskills,100% real and possibly as or more painful than a romantic relationship ending
1590080073,socialskills,"It was possibly not you, but it was almost definitely you."
1590017331,socialskills,Dont freak out man just say hi :D
1589827187,socialskills,"Yes. I lost my personality after a breakup with someone I really loved. I went from being the most eccentric, brave, happiest person to now being so self isolating and deprecating. I was down all summer. Took 2 summer jobs, one at a preschool and that was pretty much the only thing keeping me from killing myself. The little kiddos brought so much joy and had so much fun with ""Miss teacher"" (me). Gave me hope that I could be my fun self again. I entered my second year of college a whole new girl. I have the best group of girl friends, my GPA is flourishing and I'm getting the foundation back in place. But theres still an empty part of me. I think its the lasting effects of the emotional abuse I went through. With this quarantine, i feel like im going backwards. I really had a grasp on my new growth.  Everyone goes through this. I hope this made you feel a bit better, and that you're never alone."
1589762846,socialskills,"Some people just aren’t enthusiastic over text. Maybe recommend calling one another on the phone? Or hinting at the dry texts (ex: “you seem down, what’s up?”). I think that rejecting her / asking her to be more enthusiastic over text may just be too harsh and hurtful."
1589947653,socialskills,21
1589945221,socialskills,happy anniversary of escaping the womb!!
1590184917,socialskills,"GenXer here. I witnessed and maybe helped usher in the world where face to face communication was unnecessary. I certainly imagine that shift changed social behaviors. But don't let that lead you believe things were better. Having lived as an adult in both worlds, the same problems exist bust just in a different and digital format. The world is smaller but it hasn't changed otherwise. 

Good luck to you, internet stranger. May the world be all that you desire it to be."
1590201414,socialskills,Ditto
1590115718,socialskills,Definitely being stalked.
1590114731,socialskills,Because it's obviously you and you still havent denied it
1589674853,socialskills,Yeah. I started being socially withdrawn since 10th grade and haven't recovered since.
1589916539,socialskills,"I had a few friends like that. They just never put in the effort and didn’t initiate stuff. it was always me putting in the effort and asking them to hang out. I got tired of it. Also I realized they weren’t exactly adding to my life (one of them wasn’t a positive person either and was constantly condescending toward me yet complained to me a lot all the time... not a good environment to be in). I decided to stop trying. And guess what? Never heard from them again. Not even a “how’s it going?”
🤷‍♀️ And honestly, it’s for the best. I deserve much better friends than that (that will actually try!!) and continued to develop my current friendships more. :)"
1589757387,socialskills,"Let me preface this by saying I'm no pro. I'm on this sub looking for tips and help too, so take my advice with a chunk of salt.

What I've learned in life so far is there is a difference indeed between empathy and sympathy. When I've been in the same situation as the person sharing their sad news, I find it easy to show sympathy by of course still apologising but also expressing how I felt when the same thing happened to me. This validates their feelings, at least that's my hope. 

When I didn't know what their situation felt like, empathy becomes the way to help. I apologise for the bad experience and express how difficult it must be. And while I can't imagine how it must feel, I offer to be a sounding board or confidant while they work through it. 

I think it all boils down to validating how the other person is feeling. Not necessarily taking their side, but understanding their perspective and emotions. 

Hope that helps. I'm open to correction if I'm wrong in my perception."
1590136210,socialskills,"My mantra is “Every step is a good step”. If you suck at everything, pick a tiny thing and work on it. Sure it’s tiny, but you’ve made some progress. It doesn’t matter what it is that you want to work on, it matters that you’re trying and interested in improving."
1590136128,socialskills,"It’s no big deal. The birthday thing is something most people like to do, but it’s not important if you’ve already sent them a text or something. 

And don’t worry about the likes. Facebook isn’t a big “get likes” platform, nowadays it’s like a share news and pictures of kids platform."
1590136028,socialskills,"“Chess is a sport of skill, wow. Congrats.” 

“#1 out of 200 players? Congrats.” 

Just adding one sentence before to show that you have some interest makes the *congrats* sound a lot more meaningful."
1590135945,socialskills,"I think it’s nice actually. It feels more relaxed than sitting in front of a camera awkwardly talking to friends. 

Eating the chips loudly is a little weird, but walking away for a coffee or to pee while others are talking is fine to me. It makes it casual. And then you get to ask where they went!"
1590135825,socialskills,"Some people aren’t as *socially skilled* as others and forget to ask questions about the other person. Maybe they’re nervous or selfish, who knows, but if you feel you’re not being asked about, then just take control. 

“I like plants, I got this new plant, blah blah blah”

“Oh that’s cool, I actually got this new plant too, I forgot to mention it to you! It’s blah blah blah....” 

If the other persons social skills are lacking like this, just try not to be angry. You can steer the conversation."
1590135661,socialskills,"I don’t think you need to 100% ignore them. They don’t sound nice, but A. doesn’t sound like a bad guy, more just caught up on the other guys facade. 

If I were you, I’d fist bump them when they ask, give them a polite smile when you pass, but not initiate conversation. If they initiate it, be polite (maybe not friendly, but polite) and after a minute say you have somewhere to be. It’s more satisfying to be cool and collected than mean, cause it sounds to me like these guys can be meaner than you if they wanted to."
1590135482,socialskills,"My girlfriend used to be nervous about eating at my parents house because she felt that it wasn’t their responsibility to feed her, etc. She just felt guilty. But my mom interpreted it as her not wanting to try food, not liking her cooking, classic high-string mom stuff. If she’s offering, why not take a little? Or, make a plan to sit down for dinner with them, and show that you appreciate her cooking and talk with the family? Usually situations like this can be cleared up with a little friendly communication."
1590135359,socialskills,"I wish I knew. I dream about the people who’ve hurt me all the time, years later."
1590135159,socialskills,"FOMO is mainstream and sheep mentality. It sucks to be drawn into it. 

Make a new insta account or clear EVERYONE you’re following on your current one. Then follow your friends and family. 5-10 local businesses or brands. 3-5 big brands that you love. Any organization that is not-for-profit, like sustainability or hunger initiatives. And that’s it. No celebrities. No models or mode wannabes. No rich bitches flexing. Just your friends pics, some local good, and some plants are always nice.

As much as you want to look at that hot girl in an expensive bikini, it’s doing you no good."
1590134936,socialskills,Remindme! 10 days
1590134899,socialskills,Remind me!
1590134846,socialskills,"This was 100% me 14-17 years old. Nobody understood me, and I had no desire to let them in. I liked dark poetry, line work tattoos, and grunge. They liked pop music, celebrities, and getting high. 

I was lonely, I’m not gonna lie. But 5 years later I am still that dark poetry tattooed grunge girl I was before. But now I’ve dropped trying to befriend people I don’t even like- I have a few friends, probably less than most, but I love them fiercely and they fit me perfectly. It takes time to find them when you’re not the average kid. But once you do, hold on tight. One is from a skate shop I used to work at. One is from a sustainability meet. One is from a microbiology class I took. A few are from a place I volunteer at. I don’t love everybody, but once I found them, I held on. They remember my birthday and they let me talk about punk rock and tattoos."
1590134618,socialskills,My cat is my friend too. She’s a brat but she licks my tears when I cry and then I smile.
1590134466,socialskills,"I was a lot lonelier in college. Life is what you make it. I’ve actually made many more friends through work than school, but that’s just me."
1590134336,socialskills,"I have a pen pal in Sri Lanka. He is the sweetest and we like to talk about global news from our across-the-world perspectives. His English isn’t the greatest so sometimes I’ll preview important emails for him before he sends them. I know all about his family and genuinely love them from a distance. 

It’s a great way to expand your worldview and make a friend. We use WhatsApp and send snail-mail :) I used some generic pen-pal-finding website and it worked out awesome."
1590044347,socialskills,He is saying its very obvious that you're lying
1590037821,socialskills,"1) all conversations will die eventually, and that’s okay. Try not to take it personally, it happens to even the most charismatic people. 

2) you don’t need to take on the “entertainer” role in order to have a good conversation. Don’t stress yourself out with trying to please the other person. 

3) Try thinking out loud. Like if your computer just died, you could literally just say “awh my computer died.” That person MIGHT just secretly be obsessed with computers and then start talking about batteries or something. And if someone says something to you, and you think of something but don’t say it. Next time try just saying it. 


4) ask ppl for their opinions on things, or just randomly give your own opinion without anyone asking for it. It’s ok to talk about yourself, just don’t be that guy whose rambling about his dream for over an hour."
1590036826,socialskills,Thanks for writing this! I agree with everything here :) I especially like the last part you wrote
1589977240,socialskills,HAPPY BIRTHDAY!!
1590160601,socialskills,"Polite: is like you say nice words but there’s no real feeling behind them. It’s kind of like the script retail workers use when they greet you. 

Friendly: is like you genuinely care when you ask questions, you ask about their lives, you’re excited to see them."
1590258208,socialskills,"Being able to be happy alone is a skill. You should be happy that you can excel at that!! Of course balance is key- if you can ONLY be happy alone, that’s not healthy, and vice versa."
1590103634,socialskills,"Be  blunt. The next time she tries to interfere with one of your tasks point out to her that you have been delgated the task, that it's not her responsibility, and that you have your own timeline by which to complete it, not hers. Ask her if she's questioning your competence and the two years of experience you have in the job. If so, tell her to take it up with your boss, or HR, or anyone just so she'll go away and leave you to your task. If she gets huffy about your attitude, mention that you consider her constant interference harassment and that you don't have a problem going to HR to sort it out. Typically that threat should be sufficient."
1590103522,socialskills,Dude just talk to her. You were on here yesterday too talking about this right? Say hi
1590101035,socialskills,Say hi hows things going back home?
1590247200,socialskills,"I can't say whether you are in the wrong or not but I've definitely been in your niece's shoes. 

Whenever my uncle opens his mouth it's always asking about me doing a chore or telling me I did something wrong. It comes across as incredibly annoying and makes being around him unpleasant. Sometimes I just want to have a conversation, not to be told everything I'm not doing right. I don't like people constantly correcting me. If I want help, I will ask for it.

It's pesky and irritating, even if it's correct. I don't know what the right course of action is, but I imagine your niece probably feels the way I do."
1590193825,socialskills,"In the sense that he should cut bait on someone manipulating him, yup."
1590193638,socialskills,It's hard to tell from the words alone. Maybe he was joking around.
1590217229,narcissisticparents,"People like her are exactly why I gave up catholicism. I was taught in school (private catholic up until college) that nonbelievers will still go to ""heaven"" as long as they are good people. So thats all I strive to do, be good. But then there are the majority of catholics/Christians who will condemn you because you don't go to church/pray or if you have nay doubts will call you an atheist smh. Religion is bs."
1589855024,SuicideWatch,I can relate
1589973779,SuicideWatch,"I feel you, things haven't got better for me either, wish I could guarantee you that they will. I guess what I can say is I hope so before it's too late"
1589788828,SuicideWatch,"If you took your bio exam you must still have some urge to live right? I mean why would you take an exam if you were certain and set on not being here anymore. Please don’t do this it really does get better even tho it does not seem like it right now. As someone who contemplates suicide pretty much daily, i know it seems like there is no point and the the constant pain is tiresome but one day it will be okay. Please let us know if you’re okay."
1589700100,SuicideWatch,"I'm doing alright, I just came to a bit of a harsh realization. I feel really feel I need to vent but I don't really want to get into any personal stuff in a comment thread I suppose"
1589699978,SuicideWatch,"Thanks, guess, I wrote what I feel"
1590212535,SuicideWatch,"Lol how ironic I switched from computer science to graphic design. (Well cybersecurity to Graphic communications). I couldnt code. I failed my entry level classes.

Just so you know not to scare you but you really have to be an analytical/logical thinker in order to succeed in CS. I'd maybe try learning a coding language now over the summer and see if you can get a good grasp on it. I feel like theres people that get coding and people that dont."
1589781373,SuicideWatch,"I'm so sorry, I wish I could do more, you don't deserve that horrible disease, any time you need an ear, I can listen. I'm wishing the best for you."
1590027253,SuicideWatch,Yeah me too 😔
1590027112,SuicideWatch,"Thanks so much for your reply. I wish I could just get over it, or end it. But I'm scared to try anything. One day my desperation will probably be stronger than my fear. Hopefully sooner rather than later"
1589750630,SuicideWatch,"No, I don't want meds and can't afford/access counseling"
1589749107,SuicideWatch,Just having a tough time of life right now
1589747996,SuicideWatch,"Hey thanks for the reply, I studied pharmacology for awhile hence the username thankfully I'm not addicted to anything"
1589778207,SuicideWatch,"I'm so sorry... What disease is it, there's always the possibility that your prognosis will be best case scenario"
1589979339,SuicideWatch,I don't think so
1590080269,SuicideWatch,Look. Posting this repeatedly will not help you.
1590104271,SuicideWatch,"A therapist would be a start. It's one thing to vent, but we're not your counselors."
1590046293,SuicideWatch,"Thank you, who knows what'll happen. If I die, then I die, I'm alright with that, especially today"
1590206035,SuicideWatch,"I understand how you feel not wanting to participate in the world. I think the trick is doing the bare minimum and on your terms.

That sounds bad but it's true. For some people working their ass off makes them happy. For others they just want to sit around and listen to music all day.

I dont want to have kids. I think people put way too much of a purpose on reproducing. We live in a modern society we dont need most people to have children anymore. Just do what makes you happy and all the responsibility shit do that as easy as possible."
1590205726,SuicideWatch,"Tell him ""okay, you can hit me up whenever."" That's all you can do. Ultimately only he can convince himself to keep going in life. He has to make that choice himself."
1590205533,SuicideWatch,"Life can be very overwhelming but you have to realize it really isnt the end of the world. I switched majors too, almost failed out, and I wont be graduating until 24. It's not a race, and theres no set time you need to get your degree by. I know societal pressures can make you feel like shit and trust me I feel bad too sometimes but you have to remind yourself that we all have our own paths in life and journeys. 

Hey, at least I'm getting my degree. And in the grand scheme of things, so what if I get my career started 3 years later? Is that going to completely alter my life? No, it's not. I get you're worried about money but so is everybody. Everybody has fat college loans they have to pay off. As long as you get a decent career you'll pay them off eventually no prob.

Forget what your friend is doing. What do you want to do? Spend a day just thinking about it. If theres truly nothing than pick an easy major that's somewhat useful and just finish a degree. You dont have to work in that specific field it's just that almost all employers like to see some sort of college degree.

You're going to be okay I promise. The more shit life throws at you the more you learn that the stress is just not worth it. Drop the stress"
1590037760,SuicideWatch,"This x100. What keeps me going is that I don’t want to miss out on all the crazy, awesome shit that’s gonna happen in the future. OP, it sucks to feel this way and I hope you figure it out."
1590205005,SuicideWatch,"Really just be there for him. That's all you can do. Listen to him, provide advice if needed, and remind him that you're there for him."
1590110882,NCSU,“Right now”
1589893572,NCSU,It isn't just you. I️  haven't gotten a UPS email either. Got the Bookstore email though.
1589829932,NCSU,Yeah I don’t see mine either...
1589757021,NCSU,"Hahaha, good one"
1589847966,ucla,"Lol no??? Email them again and explain what happened. Also it’s like not even transferable, I think that makes it matter less. Don’t worry, just breathe, you’ll be fine."
1589847180,ucla,"I think you should consider that it needs you to have a relatively high GPA. You can always do stats if you don’t want to do data theory, imo I like stats better but I’m also a stats major.

Stats more versatile."
1589845657,ucla,"No I think you’re talking about USC bc they got money.

But in all seriousness, it’s possible that some people are really rich, there are a good amount of international/out of state students, but majority are still from CA. 

Also it’s LA, and plenty of people are fit, have a Maserati (literally, my neighbor). Ofc parties happen quite often."
1589947574,ucla,"B does exist, it’s like a 3 week course only applicable to certain fields and idk too much abt it"
1590136357,ucla,Oh are women also part of this
1590136252,ucla,What club?
1590134758,ucla,"Don’t worry, R is a rather easier language as well. You’ll be fine. They teach you how to get started."
1590216421,ucla,"Hey! I can’t imagine how painful this must all be. You shouldn’t have to be worried about school right now. Please talk to your professors, accommodations can be made. There’s no shame in getting extensions or accommodations."
1590216263,ucla,"I'm terribly sorry for your loss. My best bad advice is to pull this off for them. To hell with the way you get there. It's a means to an end. What I'm saying is drink. And cheat. Curve getting out of hand? You can't beat em. Join em. 

But that's bad advice from a stoned guy. 

But I am genuinely sorry for your loss. I've lost all of my family to other causes prior to this and I understand the loss and the gaping home that's never filled. Keep their memory strong and it will see you through. That's better advice. Listen to that one."
1590213631,ucla,Love this for us
1590212503,ucla,"If you need someone to talk to, I’m always here and please try talking to the counselors at school."
1590212031,ucla,Gang gang
1590271215,ucla,"I can’t even imagine. My Comm class had a 4 hour midterm in which we wrote 5 essays. It was absolutely insane, I felt as though I had gone mad after turning it in. So many people didn’t finish because it just wasn’t possible to type fast enough. It was borderline abusive, I could not think properly for the next two days. I’m not even kidding, like I just stayed in bed and did not get up. I can’t even imagine what 13 hours would have been like. I feel like some professors do it on purpose. Ugh I can’t believe I’ll have to do it again for the final. It’s like signing myself up for torture!"
1589674645,ucla,What does he teach?
1589830321,ucla,Rolfe
1590121850,ucla,Yes. But then I told my doctor and she gave me antibiotics. Sinus infection.
1590121761,ucla,"I love this school. The majority of people here (or at least the one's I've met) are supportive and want the best for their peers. Here's an example: In the fall I got badly sick and had to miss 2 weeks of school. 3 students I met in my discussion (who I didn't know too well) took notes for me, helped me with the quizzes, and encouraged me to reach out to our TA for an extension on our essay. We weren't close, we had only met a week or two week prior. I've had similar experiences in all of my classes so far. I feel my peers supporting me, and I often find myself supporting my peers."
1589827376,ucla,"Wow! First of all, you did not deserve to be treated that way at all! I’m so shocked to hear how those other students treated you. You deserve to be at UCLA, and I know it can be hard to remember that sometimes. Honestly, I think people have convinced themselves that they need expensive products in order to do well. They think that a $2,000 laptop validates them being at UCLA and will help them get good grades. Little do they know that a much cheaper laptop serves the exact same functions and saves money. I think the hate stems from their own insecurities more than anything. You’re an acting force against their view of the world, and it’s hard for them to come to terms with that. Keep up the good work and remember—UCLA is a better place with you there!"
1590264368,uofm,Dude on the skateboard looks like hes coughing
1589759098,uwo,"The residence deposit will be refunded. Theirs no need to worry about it. They refunded months of residence, mealplan and rezpass costs to all the first years that had to leave early."
1589907261,uwo,"Having the grades to get into med school =/= having the ambition to be even a half-decent doctor, either.  So much goes into being a doctor, and so little of it has to do with what you're going to learn in a formal undergraduate program. You can't teach drive and ambition."
1589907211,uwo,"It's like asking ""Who wants to be a lawyer"" of polticial science students...

When I did my first undergrad I was one of four people in my graduating year that had absolutely no intention on writing the LSAT. Everyone else considered it a legitimate option. Yeah...All but *4* of us thought they'd be going on to law school, despite the grades being normally distributed amongst the rest...how people get so delusional is beyond me."
1589907088,uwo,"I wish more people understood this. I respect those that put the effort in and can cut it in the field, but it sure as shit destroys people that make it...not to mention those that try and fail.

The degree to which people pin their personal identity on their success in such a program is just insane. It makes me really wonder what those people do that try but fail out."
1589906991,uwo,"""Look to the left of you...Look to the right...Odds are NONE of you are going to be here come the end of the term."""
1589906948,uwo,"Depends on the faculty...

[Mechanical and Materials Engineering tends to average above 80%](https://www.uwo.ca/ipb/databook/09/m_metb09.html). There's no way that's the case without curving the marks...gotta love making the Dean's List meaningless..."
1589906553,uwo,Anyone else find it a) ridiculous that you'd have to print out your own Dean's List certificate or b) that the damn thing looks like it was done by a first-year graphics arts student that slapped it together 5 minutes before it was due?
1589971151,uwo,I'm pretty sure you can choose whoever you want to have sex with in the dorms...
1589965255,uwo,"This isn't something I'll ever install on my laptop. As I work from home, and the work that I do deals with unpublished scientific material that may be of particular value should someone snatch it before publication, I'm contractually obligated not to divulge that information and to protect it from being divulged. 

Carte blanche access to my local files is a dealbreaker."
1589965129,uwo,"That would be the easiest way to protect oneself, I think.

Running in virtualization would likely be fine in terms of protecting yourself, but that would likely defeat the purpose of the software. It may be able to detect it's operating in a virtual environment, but it won't be able to ""see out"" of it, so students could be running it it virtualized, but still ""cheating"" in the host OS by Googling answers unbeknownst to ProctorTrack."
1589964999,uwo,"That's not how software works. Installing it to USB only means that's where the program files are stored; the USB doesn't actually *run* the program. It's still being loaded into RAM and going to have all the access it needs to your local files and peripherals.

There are ways to isolate it (using a virutal operating system) but that's a technical step most students aren't going to necessarily be able to navigate."
1589964828,uwo,"It wouldn't. That's not how software works.

Installing it on a USB means it's still loading to RAM, still accessing all of your files, etc.

The safest way would be to use virtualization softward, like VirtualBox or Parallels, with it's own guest OS isolated from your regular operating system and local files. That's an added step that most students aren't technically saavy enough to deal with."
1589964633,uwo,"Um, really?

Probably because the university faces no liability because of third-party software. It's no skin off their ass if ProctorTrack gets hacked and your personal information gets leaked."
1589964497,uwo,"Considering Zoom is the online conferencing tool of choice, and given the absolute pounding their parent company has taken in the media for months due to insecurity, privacy concerns, rerouting through Chinese servers, etc., it makes me wonder just how much thought institutions put into the ""convenient"" software they use. It seems they look at the price tag, see ""FREE!"", and stop thinking after that.

IF you're not paying for the product, *you* are the product."
1590086107,uwo,"I think I qualified my comment sufficiently, given the limited information provided. If, at most, 60% of upper years finish with a grade within the ""with distinction"" criteria then you're not going to be able to get more than that amount graduating with distinction. That upper bound drops as more information becomes available, but that's trivially obvious and didn't really require pointing out."
1590085983,uwo,"&gt; It’s not particularly informative to know that well over half of students could maybe be eligible to graduate with Distinction, when the actual number is likely small fraction of that amount.

Well, I question the value of knowing what percentage of students graduate with distinction anyway. If that number is 10% or 20% or whatever, none of it affects the effort I put in...I just put in effort, plain and simple."
1590084840,uwo,"UWaterloo was my first choice, but moving there would've doubled my rent overnight so I stayed here in London...I visited the campus...Looks like a damn industrial complex :D  Fair enough, though...Engineering should be about function over form.

They're at least smart about the geese, tho...[Goose Watch](https://goose-watch.uwaterloo.ca/) lets you plot a route from class to class so as to avoid the cobra chickens. I'd give my left dick for Western to offer something similar."
1590079144,uwo,"According to the Academic Counselling website: 

&gt; Graduands of diploma or certificate programs offered by Western who have achieved an overall average of 80% and no grade lower than 70% on the entire program with no failed courses will receive the designation ""With Distinction.""

Considering anything greater than an 80% is a B, the Databook shows the grade distribution of upper-level students. In the case of applied mathematics, for 2018-2019, 60% of upper-year students had As or Bs, so that offers you a upper bound of how many could graduate with distinction. Obviously that number doesn't account for those that may have had grades below a 70 and pulled things up above 80, or that had a failure in some elective, but it does give an upper bound."
1590229678,uwo,I wish the campus would advertise these kinds of things more...It seems like there's nothing the campus does that showcases these things for the broader student body.
1590005424,uwo,"Ehn, I pay them every term and I've never set foot in the facility. If the cash I hand over means they can maintain the facility for others, then fine."
1590005397,uwo,"...or learning from prior pandemics...

We haven't even hit the second wave of this yet."
1590054374,uwo,"Google ""uwo databook"". That will give quite a number of statistics broken down by faculty. You may find what you're looking for there."
1590165110,uwo,"If Western were serious about shitcanning it, they easily could've. You tie expulsion to violations of the student code. Doing shit outside of school that brings disrepute to the Western ""brand"" would become a student code violation punishable by expulsion.

Start connecting someone's future to their shitty FOCO behaviour and people either smarten up, or you at least thin the herd of the fucking idiots that give Western a bad name."
1589680681,uwo,"""Is it worth it?""

If you want to be freight train engineer, no, it's not worth it.

What are your interests? What kind of a career do you want to make for yourself after you graduate? What are your priorities when it comes to a university experience?"
1589809230,uwo,"If you're worried that yuo're not fitting in because you're not drinking, snag an empty beer bottle, clean it, and just fill it water when you go take a leak. No one's going to check the contents and you don't have to worry about standing out as ""the one person at the party not drinking"". 

I guarantee there are others at the party doing the same, drinking their jungle juice out of Big Gulp cups that's juice and no jungle."
1590020556,UMD,I thought everything in Maryland got closed down? How is bentley's open?
1589960640,UMD,How are Lectures are disconnected from projects? What topics do you learn in lecture compared to projects?
1589861518,UMD,"I think they did. If this is cmsc132, you probably will need to know some basic multithreading, java hashmaps, hashsets, etc. Linkedlists, and tree traversals."
1589858707,UMD,"man you are lucky. When I took it, I didn't pass the 131 exam because I failed the recursion question and you needed an 85% to pass. but since you guys can use an IDE for your code, it's not bad."
1589687185,UMD,All of you downvoters are just angry that it's true.
1589686167,UMD,"Get a 3.5+ gpa.

Do some research on proofs for math and publish a thesis paper with a professor.

Get a near perfect GRE score.

Apply for grad school in oxford.

Profit."
1589685740,UMD,as many times because i have a lot of karma.
1589676094,UMD,"In your dreams, without knowing algorithms/data structures you can't land a job in FAANG with 200k bonus."
1590218023,UMD,Where are the house parties?
1589769127,UMD,Sorry for your loss :(
1589753807,UMD,"Know how to use strings, arrays, and loops, convert binary to numbers. Convert numbers to binary, etc."
1589753727,UMD,I applied and I got an interview. It's a consulting internship. It's not a technical internship.
1589753418,UMD,"""No knowledge of CS theory and no need to"""
1590007134,UMD,I had to retake stat400 because of Hatice.
1589737739,UMD,parallel computing 351???
1589737642,UMD,"&gt;grind leetcode and CTCI to train for those DS/Algo

So you agree with me that you need to know algorithms and data structures for those interview questions."
1589993066,UMD,Just don’t take it with Kruskal.
1589678979,uofmn,Improve your punctuation.
1589811955,uofmn,"I’m not suggesting that *anyone* who has been working shouldn’t be getting hazard pay, but wanted to say, for the sake of reassurance, that the risk of contracting the virus from a contaminated surface is exceedingly low."
1589811237,uofmn,"I’m clearing out my garage, and getting rid of a few bikes. Some are project bikes I’m never going to get around to. I’d be glad to let you have one. DM me your stand over height and I’ll see what I have."
1589810887,uofmn,Any encampment along the Greenway.
1589939544,UGA,is it too late to apply for HEER funds?
1590180314,UGA,mm i took a couple cs classes but i reallly reaLLY don’t wanna do IT (but yeah ik my job opps are limited now :p)
1590180186,UGA,cognitive science
1590179293,UGA,the LDT certificate is great/easy to attain! (learning design and technology)
1590257032,UGA,"I was chilling in tate between classes because i had a lot of time to kill. Thought id peak at ELC or just browse a little bit, so opened up my laptop up TO A FULL SCREEN UPCLOSE DICK AND VAGINA. I guess i hadnt closed my porn from the night before lol. The guy behind me immediately told his friend and they were bein quiet about it but obvy i knew what they were talking about. I closed my laptop soooo fast and got out of there and just sat outside of my next class LOL"
1589950717,uAlberta,Why not just do MATH 134/144/154 while everything's online? Available in summer.
1589947567,uAlberta,"Think things through, maybe talk with your parents, if they're supportive, they might understand your situation"
1590029846,uAlberta,"Yep. In the end, tuition pays for CREDIT. You can audit courses for less $ if you’re just here to learn."
1590029682,uAlberta,"Hard to stay focused. Hard to stay motivated. Super easy to skip a day and get snowballed into being behind. Hard to engage with profs and ask meaningful questions. Hard to study after going over the notes. Quality of instruction definitely decreased, with some profs trying a lot harder than others.

If this was me in this situation, I would not enter into uni for online courses. So many people struggle to maintain or improve their study habits, motivation, and academic performance going from high school to uni anyways- this will just be an additional barrier."
1590133873,uAlberta,No! One! Knows! What! They’re! Doing! No! One! Is! Confident! In! Their! Choices!
1590133834,uAlberta,Department is usually a better idea. Even if you email the prof most of the time they refer you to the department anyways.
1590133699,uAlberta,"Keep in mind that the general standard is that your marks will drop 5-10% with every level you go up. If you got a 95 in bio 20, expect anywhere from low 80s to low 90s for bio 30. The same goes for uni, if not by a higher percentage. If you’re floating at a 90 in Bio 30, expect around an 80 in BIOL 107, assuming your study habits don’t change anytime during this process."
1590209063,uAlberta,Yeah I know. She’s vaccinated but too little to be spayed. Don’t fret.
1590268560,uAlberta,Better than the average GPA in lister
1590265070,uAlberta,Science only does intake for fall. They’re super strict about it.
1589933324,uAlberta,Right. Silly me
1589933132,uAlberta,"Then don’t do it... 🤷🏻‍♀️ the thing is pandemics don’t leave a lot of choice, and the uni has fixed costs. They’ll be losing a lot of money from provincial cuts and students taking a semester off anyways."
1589932988,uAlberta,This is why fall online makes me nervous
1589932756,uAlberta,"Personally I would just come here for the whole school year. Just sitting on campus to do some work is enough for me. And they’ve mentioned there may be some in-person opportunities. Spares you a lot of hassle, but will cost a little more."
1589932111,uAlberta,What if you made $1000+ one cheque and &gt;$999 another?
1590014990,uAlberta,Are you using “search classes” to find summer courses? Don’t use “browse course catalogue”.
1590014930,uAlberta,My midterm is tomorrow and I’m only halfway through the second days lectures
1590014831,uAlberta,When I crave snacks I can just walk to the fridge and get some
1589857103,uAlberta,Most likely
1589733510,uAlberta,No. Only Math and Chem are hard there. You’re not taking Chem 102? Most science kids take it second semester alongside Chem 261.
1589733321,uAlberta,Chem 101 is the hardest class of the 5. That’s a pretty chill first semester.
1589733215,uAlberta,"I would argue that that is changing, but yes that is the one argument that works here."
1589728262,uAlberta,"How many Mac kids have you heard of being denied transfer because Grant Mac has a rep for inflated grades? 

None. There’s no disadvantage for Mac students. The uni would never call out another uni, and those students are just better off while transferring. All it hurts is UofA home students."
1589728103,uAlberta,"Why?? He was asked to fail at least 20% of students, and fought against it. Lots of profs suck at teaching, but not a lot will stand up for students under pressure."
1590196095,uAlberta,"I would rent and take my own photos and stuff. Hire a photographer, a photographer friend, a tripod, anything; but I think those photos will mean a lot to you. As for the Zoom, that’s entirely up to you."
1590195968,uAlberta,Have you thought about asking the Landing or ISMSS of any internships or connections they may have?
1590195898,uAlberta,"$1000 a month is pretty standard though, it’s gonna be tough finding anywhere cheaper than that in a nice part of town. At least you could split it with your bf if you’re at that stage."
1590103443,uAlberta,I would choose summer with no other distractor courses. I took it in spring two years ago and was really relieved that I did so. Memorization of all the amino acids takes time and I didn’t have any other classes to worry about. Just all the amino acids...
1590103325,uAlberta,"https://www.ualberta.ca/science/student-services/your-degree/index.html

Click link while on desktop, go to bottom right sidebar and see “Approved Options”"
1590103026,uAlberta,UofA has a tutor registry I believe. That’s a much better way to do it without scams.
1590176271,uAlberta,Working a new job. Way too much internet time. Picking up a lot of garbage around my neighbourhood. Raising a kitten I adopted a couple weeks ago. It’s not too bad.
1589752898,uAlberta,"I suggest using a bitly to shorten links, if you’re not familiar with that!! It also shortens the end of your site, because it doesn’t say .com or .ca more people will hesitate to click on it. Good idea!"
1589752377,uAlberta,I’ve been daydreaming about ice cream all day...
1589769830,uAlberta,So can i live in one for free? be my apartment-daddy
1589769613,uAlberta,"This is what I mean when y’all shouldn’t be saying “lower my tuition!!” You need to phrase it exactly like this! 

“UofA raises tuition, turning a blind eye to financial struggles of students” 

“UofA one of only XX universities to raise tuition for its students”

“UofA declares no change to planned 7% tuition hike, students question morals” 

You’ve got to play on the hearts of the media."
1589695350,uAlberta,"I think there’s normally a few!! You can check the course catalogue to see previous listings, they’re usually pretty consistent year to year."
1589688262,uAlberta,"This will never work. 

1. Target the (7)? percent increase to tuition starting up now that the tuition freeze has lifted. That makes way more sense. 

2. Contact the media with something like “UofA raising tuition during COVID” and you’ll get some real traction 

3. “Change tuition for fall semester!!” just sounds wishywashy and like wishful thinking. You are still receiving course credit, and that’s all you’re paying for with tuition. 

My two cents."
1589688090,uAlberta,"They won’t let you due to exam scheduling conflicts. They use the times to plan exams. For example if you are a MWF class at 2pm, you can expect your exam to be at the same time as another MWF 2pm class. There are exceptions but this is the general method."
1589687896,uAlberta,"Y’all gotta drop the tuition thing. Argue against proposed increases, sure. But not tuition as it is. That’s not gonna happen. If you want a possible win, fight to battle the 7(?) percent price increase. There’s something media wont like, and that’s what will get you results."
1589687849,uAlberta,"Damn. Props to the professor in the article tho, he has guts."
1590166040,uAlberta,"Clubs are really gonna suffer this year honestly. They will still run, but mostly catering to either virtual or individual opportunities. For example the outdoors club might still do social media outreach and discount prices, but no group cross country skiing or stuff like that."
1589760071,uAlberta,"Unless you’re immunocompromised or in contact with someone who is, I would say the income outweighs the risk."
1590250515,uAlberta,Oof
1590250464,uAlberta,"Classes online don’t make it unfair, but it is a whole new challenge. Profs know people will try to cheat, so I’m predicting many will do more assignments and exams with short answer. Anyways, if you feel you can’t make a good enough GPA online, no one is forcing you to do it, many people are gonna take a year off."
1590250390,uAlberta,Dude like in the couple weeks before school starts like 20 ppl will drop and then the first week of class another 20. First year classes alwaysssss open as long as you’re diligent about snapping up spots when they open
1590247666,uAlberta,Eye strain 101
1590247599,uAlberta,"107 will definitely open up, don’t worry."
1590247570,uAlberta,"I’d recommend just asking for the topics covered and using Khan academy. It’ll be a lot more interactive and easy to learn for things like Econ, Bio, Chem, etc"
1590247493,uAlberta,"They’re a good starting point, but are genuinely more generalized and not too helpful for people with advanced issues or previous private therapy experience."
1590247214,uAlberta,Pretty cold
1589914971,college,Yeah I'm trying to
1590149053,college,Thought this was a meme
1590213927,college,Haas is more cutthroat but better brand. Go to the cheaper one
1590272899,college,Ok it’s CSU Monterey Bay
1590271808,college,"There are good full classes online for all of these subjects, mit for dsa and linear, cmu for comp arch. I’m sure there are plenty on programming"
1589733103,college,"It's not that I didnt even try. I sat there for a couple hours trying to get the first quarter of the project to work. I would have emailed the professor for help but how do you ask a question without basically saying ""how do you do it"" because I was too lost to even have a question to ask. I was forcing a major that didnt work out for me because I was into IT stuff and thought I could be one of those smart kids."
1589732396,college,I couldnt have done it anyways. I knew it was stupid and childish but I had to pass the class. I told myself I'd study the projects later. Hence why I'm no longer in that major
1589731883,college,"Shit. I was a cybersecurity major mostly for the money and because I had slightly above average IT skills and I got creamed by the kids that could code an entire app overnight.

I just switched to graphic communications because I realized that's what I really wanted to do and while I was told it's not exactly like graphic design, I'm worried theres going to be a lot of those artsy kids that recreate the mona lisa in illustrator while I'm drawing mountains lol. We""ll see I guess"
1589731657,college,A majority of them yes
1589731590,college,Not to judge but a lot of them are very weird guys. At least in the science majors.
1589730141,college,Yeah its crazy. These kids really were crazy about their major since 11. When I was 11 I was playing ps2 and tag outside
1589730047,college,That's good it's better to admire/look up to them than be jealous/envious.
1589729291,college,"Hey, If it makes you feel any better, I'm doing worse than you. We're all different we all go through different things and share different experiences. All that really matters is that you get your internship, piece of paper; and secure a job. Your buddy will most likely end up in the same place as you anyway"
1589728936,college,Yep same here. They must have been learning this shit since they were 13. Meanwhile I only took one programming class beforehand
1589728628,college,I feel like CS is the worst of all of these majors. There was always a group of kids in my classes that fell asleep or played games in class but could code an entire semester of projects in a week. Or those kids standing outside of class talking about how they already did the assignment a week early and it was so easy while I struggled for hours.
1589724819,college,"Same thing my guy! It’s an act of violated therefore, the victim has been violated."
1589724697,college,"Not dramatic at all. Not only is it copyright, it looks bad that the information is out there to anyone, including potential employers without OP’s knowledge. That is a violation!"
1590001096,college,"My friend said: Actually I do know their situations being that theyre my friends. I know the lie that 1 of them said and its clear that the 5 page essay wasnt even opened. Im not implying that I deserve a better grade, im just not seeing a level playing field here"
1590000398,college,Just do it. I think more damage is being done by forcing a lot of people to go back to abusive households
1590131564,college,"also super good to know how to find molar mass, how to convert from mass to moles, and net ionic equations. I just took my final for that class tonight and thank god its over"
1590116821,college,But was it intentionally a joke?
1589784085,college,Whew lad lemme tell ya
1589783658,college,How the fuck does everyone else quickly find their people?? 4 semesters here
1590039005,college,How so? Read what I said.
1590079889,college,Exactly. My family lives around Atlanta and my brother attends Tech. I always hear about how difficult it is to get into the school compared to other schools in the state.
1590269149,college,"Yep. They said about 2-3 weeks for processing. Ugghhh i should've sent them sooner but i had finals to worry about. 

Just give it to me straight, how bad is it??"
1590267785,college,"Sent my verification and parent fed transcript barely today, paid priority, and they said itd get there by next Wednesday. It's due June 1st. 

How fucked am I lmao give it to me straight."
1590243318,college,Just add “college” before anything to spike the price
1590242261,college,"First off, you should probably post stuff like this in the reddit for applying to colleges. Second, if colleges see that you improved your grades in 10th and 11th, they will still accept you. Colleges also pay attention to how much a student grows and continues to challenge themselves. A good score on SAT/ACT should also help you. I had some C’s during freshman year but still got accepted to a pretty good college."
1589933343,college,"Yeah.Your instructor overreacted. I had a Linear Algebra instructor last fall who would teach the material, but would have questions on some of the exams that were never mentioned. His reviews were the same thing. He believed that you knew instantly what  he was talking about which was frustrating. I learned nothing, yet passed the course with a B. I would just rip your professor in evaluations."
1589959658,college,Impressive! Was it an engineering class? If so i will be your student.
1589952287,college,"I think it’s because most of the UK/Canada universities going online are public universities and will get funding from the government. 

On the other hand, a lot of private universities in the US will lose a lot of money if they aren’t in-person. CSU system is public, and they are going online."
1590042574,college,"It's AP credit, not necessarily ""college transfer"" credit. (Probably phrased that wrong.) You still need to send your AP scores to GA Tech. You could always email GA Tech and ask."
1589887754,college,hey that's my dad u are taking about
1590065249,college,"Can't say that I have. Last time that happened it was in highschool, and it was one of those ""naked at school"" dreams."
1590064402,college,It depends on the college. I've taken a speech class but it wasn't required.
1589820960,college,"I don't know the specific laws for the EU well, but I believe that would be a huge GDPR violation. The EU requires express consent to record any personal information."
1589820847,college,Congratulations on bouncing back! This is inspiring. Wishing you lots of luck in your life
1589820584,college,Depends on the state.
1589722460,college,"So because you were reading Tom Sawyer you got kicked out because you should’ve been reading Uncle Tom’s Cabin? I’m sorry but either your post needs to be reworded better or that’s not true, a college wouldn’t do that."
1589721140,college,"If they had reported him and seen what he was reported for, then they wouldn't care. If it's 2% of a sentence, they will laugh in the professors face. 

Either way, definitely should have talked to someone above that profs pay grade."
1589996490,college,"NYU already announced they were reopening. They’re in NYC which is the epicenter of the virus. I don’t see anything wrong with it, life has to go on 🤷🏾‍♂️"
1590011102,college,Inspiring! I got an A in pre-calc in HS and had no ambition to do even Calc 1 in fear of failing. What did you do differently this time around? That's insane progress
1590007918,college,"Why do college professors think we run 70hr days? Did they not anticipate that their students have jobs, kids, friends, family, responsibilities other than reading a book all day. Some teachers have outrageous expectations."
1590007837,college,"Eh not completely true. If you’re a student claiming a certain tax exemption (for example, I don’t pay a certain state income tax bc I’m a full time student) for being a full time student then you may need to provide a transcript at tax time. At least I had to do it for my tax returns this year."
1589776957,college,"In high school I was in band for all 4 years. I was captain of the drum line for three of those years and I was one of only THREE seniors in band. I had a cousin in band with me that was ON THE YEAR BOOK COMMITTEE, I was not on the band page, I was not listed with the band seniors, I was not found any where in the year book except for the main picture."
1590253134,college,Your first mistake was going into the college bookstore for it
1590263881,college,"That depends on their major. A lot of students here rely on summer internships- most of our colleges have connections/people who will help you land internships. If you’re referring to even general work experience, then I know a lot of college kids work during the summer/have worked during their high school years"
1590187615,college,"Honestly if you signed the lease while the pandemic is going on, this is on you.

If you did it before the pandemic, I could see why you’re mad."
1590187525,college,"They should at least list the possible scenarios.

They can’t come to a final decision, but they can tell us what their plans are instead of being vague."
1589915988,college,"Contact the academic office or your advisor if it bothers you. 

Either the school or that professor is probably trying to help you by defaulting failed students to NP. At my school students who failed this semester were automatically given NP."
1589928384,college,"Why are specific comments of evaluations made part of your ""permanent record""? The only thing that should be recorded is the outcome of your performance review, of which such explicit, and irrelevant, comments should be filtered by those performing the review in the first place."
1589926445,college,It's almost as if sweeping generalizations aren't meant to be taken absolutely literally.
1589926352,college,Good men know how terrible men are.
1589926235,college,😒😒😒
1589923791,college,I'm so sorry. FUCK men. They're genuinely terrible. Your female students are doing our best to change the culture.
1589942551,college,"Cybersecurity major here.  It depends on what you want because either is good.  Cybersecurity is growing in demand and a master's degree is becoming a new standard for lots of upper level positions.  Computer science is also growing.  The question is do you want to focus on developing software or on information assurance, digital forensics, and network attack/defense."
1589942309,college,Cybersecurity
1589942255,college,Let him.  If he wants to drop out then let him as painful as it will be to watch.  Tuition is his to pay not yours.
1589949208,college,Looking up exam questions? Sure... Paying for an essay? That's something else.
1589946065,college,"Not to be rude but I thought it was common ""sense"" not to do that. Not to mention it's actually against academic honesty policy to pay someone else to do your work. Or something along those lines"
1589944990,college,Not necessarily a college thing but the rescue I volunteer at has a big cart. Got on it and had my girlfriend drag me around a bit. 😂
1589800893,college,I went to private college prep high school and they encourage students to go to CC first and then transfer because it sets you up better and helps you ease into the college life. You did amazing and you should be proud of yourself.
1589818357,college,No that’s fine
1589815563,college,"Hey, it is a big deal! I just finished my 2nd year of comm college and it's def a big deal. Don't let those people bring you down. They're not the ones who did the work, you did. Congrats for finishing your first year!! ❤❤❤❤❤❤🎉🎉🎉🎉🎉🎉"
1589832828,college,"In my opinion, yes. Tbh You won’t have much of a social life or be able to work with that many credits."
1589679484,college,"They might not be willing to accept credits and it’s not like you could ask anyone or else they’ll know about your scheme. Why couldn’t you just transfer to the new school, then transfer back to the old school if you don’t like it?"
1589687312,college,Here you go 🎓🏅 you deserve it
1589685500,college,"Always. Im like, ""How in the fuck do you guys know all this shit?"". Of course they're the ones getting six figures jobs right after graduation."
1589699711,college,"Nope! I'm 20 and I still don't have a license. I really should get one, though. I really gotta get on that."
1589990393,college,Dell g5?
1590007320,college,Yes
1590007065,college,"Personally, I’ll be happy. As a commuter, going to community college already sucks social wise but being home nearly 24/7 is starting to get to me. At least being in school, I’m around other people even if I’m not necessarily socializing. I realize why I don’t like being home so much.

Economically speaking, we will not survive if we remain closed. City governments are already losing crazy tax revenue due to the lack of economic activity. I’m from NYC, the epicenter of the pandemic in this country, and its really showing. They’ve already begun cutting social programs like crazy. We could even fall into a prolonged recession if we remain closed. It’s just not happening. If everything else is reopening (i.e. businesses and public places), I just don’t see colleges remaining closed.

And I’m okay with that."
1590006388,college,"Regardless of the health data, the fact is that we will be reopening in the coming months. We will not survive economically if we stay closed. If everything else is reopening (i.e. businesses and public places) so will schools. I just don’t see colleges remaining closed while everything else is open."
1590006288,college,"Online classes this summer, fully expect to be in a classroom in the Fall. States are already beginning to reopen or at least have a plan. We won’t survive economically keeping things closed. I don’t see universities and colleges remaining closed while everything else is open. Just won’t happen."
1590004361,college,"Yeah, asking is fine."
1590122684,college,Thank you I really needed this man
1589740804,college,Oh then this shouldn’t be an issue. Explain your reasoning and if they have further complaints remind them that there was no legal contract and since it wasn’t planned out then you have no obligation
1589740291,college,Was there a lease signed? If not then just tell them what you said here- you think it’s unfair and you’ll pay the rent you agreed but not utilities
1589739727,college,"It already seems like you’ve decided not to pay. I’m not sure why you asked. By not paying you’re causing potential issue. Like someone else said, these things should’ve been discussed before. I understand why you’re not wanting to pay, but who knows if they’ll even want you to move back in based off this problem. Your best bet is to explain to your roommates the things you said in the comments here. Maybe that will give them a better understanding of your POV"
1589738223,college,"If you haven’t used it I technically don’t think you should pay for it, but you all went into this agreement with the thought that you’d all chip in on costs and that’s why this would work out. Is it just a standard electric bill or were there overcharges? If it was standard I would probably say that you should give some money towards it. I get it’s a weird time and stressful, but it’s not exactly fair for the roommates that had to stay behind to now have all the costs dump on them. I hope you see where I’m coming from. Good luck!"
1589746184,college,"I live in GA and none of the universities/colleges are open. At least that I know of anyway. Most (of not all) are closed for the summer, and some already closed for fall."
1589833573,college,"Video major here, a PhD in film studies made me laugh"
1589826300,college,You’ll still be in your 20s. I’m really concerned about the mental health of people who think being 20 something is “old.”
1590254527,college,"It all depends on someone’s major, course load, how good their skills for their classes are, how difficult their professors are, if their campus provides jobs or if they’d need separate transportation to get to another a job. Plus, at least in my area, there’s a certain amount of hours/certain days you’re required to work for some companies. If a company requires you to work on weekends, that may not be feasible for some students who need to study on weekends. 

Clubs  and sports are also a huge thing for American schools and those take up lots of time. Personally, I have a job while in college to help offset some debt, but I can certainly see why some of my peers do not. Never underestimate the benefits of letting yourself relax either"
1590191607,college,Ok?...
1590191526,college,They control your social media too? Oof
1589673828,college,Wow thank you so much for this. This really put things in perspective. I'm going to do this right now.
1589745194,college,"Well, for one, this isn't a sub for books."
