created_utc,subreddit,body
1603035706,mentalhealth,"It’s my understanding that the time period for manic episodes can vary a lot, but again I’m not a professional, I’m just a student with a background in Psych. Your university should hopefully have people you can talk to or at least access to cheap services."
1602994082,mentalhealth,"Hey, sorry this happened to you! It sounds like a really tough situation, to have the person you’re trusting to help you let you down. 

To answer your questions, I personally don’t think it was the right response to ask you to leave at that point, but maybe she was required to? Because of her organization or somethings not sure.
I don’t think you’re being too sensitive. If it upsets you then it upsets you and that’s okay. Mental health is really tricky and I think you should give yourself permission to feel whatever you’re feeling about this.
From what you’ve written here I can’t say for sure if I think she was mistreating you or not but I don’t think you’re blowing it out of proportion. If nothing else, she was not being professional and was trying to do a therapy with you that she clearly wasn’t trained or ready to lead. I’ve done EMDR for my own anxiety and found it to be super helpful, so I know it does work, but if your therapist didn’t know what she was doing then it makes sense that it was traumatic rather than helping. 

Again, it sucks that this happened and I hope you can find some peace about it! I also hope that this doesn’t make it challenging for you to work with either your past therapist or others in the future. But no matter what, know that you are loved and cared for by this community. I’m always down to chat if you need someone to listen."
1603349828,mentalhealth,I understand what you mean. I think the only thing keeping me going is my mom. My dad died when I was 2 years old and growing up I saw how hard my mom worked to make sure I have a good life. I just wanna make her proud and show her how much I appreciate the sacrifices she made for me. Hopefully you can find your motivation soon!
1603032395,Anxiety,"Probably not. Production pipelines are going apeshit pre-producing vaccines right now, even before they’ve formally finished testing. Yeah, it’ll probably be a staggered rollout that targets hospital workers and at-risk folks first, but it’ll be much more widely available after that. 

And also consider that the more people who’re vaccinated, the less the virus will spread. Even if everyone *isnt* vaccinated, COVID-19 will have a way harder time getting around if half the people it comes in contact with are immune."
1603032088,Anxiety,You’re in the right place! Anything you feel like chatting about?
1603485693,Anxiety,"Some people take grains of (understandable) fear and turn them into conspiracy theories or beliefs that aren’t reasonable anymore. People understandably feel trapped by restrictions, then spiral into thinking the government wants everything to be shut down forever. When in reality, of course the government doesn’t want that, they get nothing out of it and lose lots of money and citizen approval in the process. 

Fear and discomfort turns people into doomers easily, regardless of what their beliefs turn out to be."
1603485205,Anxiety,Congrats! :)
1603334646,Anxiety,"I hope it works! I use it for my nightmares a lot and it always works. I think the trick is ""letting go"" of the thought once it becomes less-threatening. If the ""bad thought"" pops up again, just remind yourself that you've already proven to yourself it's just a thought, and let it go."
1603224875,Anxiety,Yep! Thanks for expanding with such a thoughtful comment!
1603224806,Anxiety,"Yes! Thanks for telling me this. 

I did a bit of reading last night on zen meditation, and the idea of Monkey Brain (ie, our subconscious brain. The one that causes us suffering from anxiety/crazy thoughts) vs Observing Brain (ie. conscious, rational thought). It really helped me understand where my anxiety was coming from."
1603224561,Anxiety,"My psych told me that treatment varies from patient-to-patient. It's sometimes trial and error with medications. She said there are certain meds that are known to help people with OCD more, but I can't speak on why."
1603230917,Anxiety,"&gt; thus spoke zarathustra

Ah I just looked it up on wiki! I think Shakespeare once quoted, ""there is nothing either good or bad, but thoughts make it so"", which is kind of what Nietzsche was talking about in that book."
1603313282,Anxiety,I finally experienced some relief when I started prozac at age 17. I had anxiety since I was a toddler
1603418093,Anxiety,i did one shift 💀
1603294244,Anxiety,"It really depends on the region, the theatre’s distancing, etc. Our little local theatre is fine, though they’re restricting the number of folks who can be seated at once. But the theaters in bigger cities around us are (understandably) still closed. It all depends on the region IMO."
1603038737,raisedbynarcissists,This was a really detailed response and I really needed to hear it! Thank you so so much
1603038649,raisedbynarcissists,All family members stand by my parents so I cant go
1603038527,raisedbynarcissists,Thank you so much!
1603038490,raisedbynarcissists,I loved this reply and the part about new cities! I hope it stops feeling dreadful soon
1603038388,raisedbynarcissists,This is a great response thank you so much i needed to hear this
1603119496,raisedbynarcissists,"same, and when they do they dont buy wht i wanted to get. Im trying to go no dairy for health reasons but it’s impossible since i cant do my own grocery shopping. Im 17, hopefully i can move out soon."
1603331835,raisedbynarcissists,"Im 17, in my province i couldve left by now and be living on my own. But i havent been able to find a job :( trust me i feel u. I hope you get through this ❤️"
1603058591,raisedbynarcissists,"Thank you so much, this is how I also felt, you put it into words better than I could 💜"
1603227057,raisedbynarcissists,"wow, this triggered an old memory for me, when i asked my mom for a razor to shave my legs and she laughed derisively and asked if i was going to slit my wrists with it this time. i was 14 and was suicidal at the time. my mom also gets very upset if i look at her the wrong way or if my tone is off, if i’m not “packaging” things appropriately to her. 

the narcissist’s prayer fits perfectly here. and the fact that your mom can change her behavior in public and private demonstrates exactly how much control she has over it, and that she knows the way she treats you is wrong. i bet you’re also told that “what happens at home is our business” and yelled at if she finds out you talked about it to others. 

she’s wrong. you aren’t too sensitive. she’s being deliberately cruel in a way she’s very aware of."
1603385029,raisedbynarcissists,That’s what I did! I just wanted to vent
1603077564,raisedbynarcissists,"You just described my life. I was getting ready to move  to Alaska so it I wouldn’t feel obligated. BF talk me into stay until after we were married then moving somewhere cold. My parents HATE cold. I think he broke that promise even before the ink was dry to please his friken mom. 28 miserable years later after caring for my ill dad ( now dead) , mentally handicapped uncle ( dead) and now my 90 yr old dementia mom. Along with raising my kids. My parents followed me everywhere we moved. RUN AS FAR AS YOU CAN!!"
1603469333,raisedbynarcissists,"You're right, it probably is, but I think this shouldn't be done in regards to a separation of the father from his gender, instead from his humanity. It seems kinda disingenuous to push this idea of what a ""man"" is supposed to be like. That man-male metaphor is just a tautology lol, it doesn't say anything and I'd argue just pushes this weird idea of what ""a man"" should comprise of but doesn't provide any basis of what this is, other than, ""not a bad person."""
1603464145,raisedbynarcissists,Seriously I don’t understand why people try to make this distinction between “a man” and “a real man” in issues such as this. This has nothing to do with “being a real man or male” but everything to do with being a genuinely moral person. This is kinda a dumb take to bring to the table.
1603536386,raisedbynarcissists,"Well, debating is not worth it in the first place."
1603572601,raisedbynarcissists,"Me too! I just bought some nice chico jeans and they made the most baseless accusations about my sexuality, made fun of me, etc. I was shocked, they’re JEANS"
1603293062,raisedbynarcissists,Fuck them indeed. That why i havent bothered telling anyone. They dont listen to the child. I hope you can find a job and can move out as soon as possible.
1603494397,NarcissisticAbuse,"My ex used to refuse, and I mean refuse, to plan a date with me. Not like he sits down and makes reservations for dinner and buys show tickets. I mean just agreeing to do *anything* with me in advance. When I told him how shitty that was, his response was “well you got so mad at me last time I cancelled.” 

You mean....when I had begged you to go on a date, you agreed, and then the day before you cancelled. Which I told you was fine as long as we could reschedule and you called me a selfish controlling c**t? 

I reminded him of that and his answer was, “I don’t want to schedule anything so I don’t have to cancel if something else (something I would rather do) comes up.”

We broke up that day. He would literally rather have no plans with me than risk having to check in in case ANYTHING else comes up."
1603269718,autism,"Sending love and understanding from afar. I am going through very similar things, I gotta go outside though."
1603269476,autism,"Yes, I have social anxiety and have the same issue/result."
1603110895,autism,"I am also 26 and just got diagnosed like 3-4 months ago. I have spent the last 5 months shining a light on a lot of old interactions and how badly I interpreted what actually was happening. So much fun, also times from my childhood when my parents were clearly hiding something from me."
1603097232,autism,"Sunflower oil is a great source of vitamin A and vitamin D, as well as Iron and Calcium. So even when there’s no sunlight, there is still sunflower oil to provide your daily dose of vitamin D sunshine! Not only that, but Sunflowers are enriched with B group vitamins, as well as vitamin E. This is as well as other minerals such as phosphorus, selenium, magnesium, and copper."
1603069961,autism,"Sorry, what’s wrong?"
1602984752,autism,Of course.
1603013949,ForeverAlone,"My friend didn't even want to go with me, I went alone just so I could never regret not going in the future."
1603218701,SuicideWatch,he won't respond to any of my texts and calls. i think his phone is off. he's supposed to have a test today. i don't know what to do. I can't focus
1603517377,SuicideWatch,"That crash sounds like a really bad situation and it doesn't really seem like your fault to me. Although being upset about a B is understandable but if you go into any postsecondary that mindset will tear you to pieces. Trust me, I was in that exact situation once."
1603266171,SuicideWatch,I can't really help you but I agree wholeheartedly that everyone should have a right to die. None of us asked to be here
1603266099,SuicideWatch,"I'll never meet a ""soulmate"" because I'm ugly and fat. No one wants to hug me. These and many other things on this list are not attainable for lots of people, myself included. But even if they were, is it really worth it. The nothingness and void of death seems much more comforting and safe than any embrace. It's certainly more assured, so I'm thankful for that. The reason I would append to this list would be daydreaming about being dead."
1603072848,NCSU,You just completely miss my point every time...
1603072166,NCSU,"You need to get help, seriously.

Also it kind of pisses me off that you can justify violence so easily. I want to see people held to the full extent of the law but people like you would of thrived in Germany circa 1930.

“ Asked “if they had penetrated against their consent,” said Dr. Koss, the subject will say yes. Asked if he did “something like rape,” the answer is almost always no.

Studies of incarcerated rapists — even men who admit to keeping sex slaves in conflict zones — find a similar disconnect. It’s not that they deny sexual assault happens; it’s just that the crime is committed by the monster over there.”"
1603071358,NCSU,"That is clearly not what I'm saying, you seem really thick bro.

I'm saying if someone condones violence in one situation, its probably not  a huge step to condone it in another. Aka you are probably the type of person to sexually assault someone. I'm saying buying into your philosophy is dangerous and stupid, so is upvoting you.

There are studies that actually examine this, that most rapist and people who commit acts of sexual assaults view rapist as vile and evil creatures but their situations aren't rape or sexual assault through their own eyes. I'm saying if you buy into your philosophy of ""beat the shit"" out of someone you are a person whose more likely to justify violence you commit in you own head and therefor more likely to rape or assault someone."
1603070757,NCSU,"I mean so are you, you're commiting to beat people up on reddit..."
1603069794,NCSU,"\^People like this scare the shit out of me, if you are willing to enact violence and think you're justified imo you're probably the same type who would commit the exact same act described in this post but justify it in your head. 

There are a bunch of studies that almost no people who commit sexual assaults view them as assaulters because their situation is ""different,"" so hold your friends who think like this accountable."
1603317648,NCSU,"I am going to use a grade exclusion for my problem class and never take biology again. That was a Mistake™ for my non STEM brain

Everything else I’m doing great in"
1603378745,NCSU,"one of them is alright, the other is useless"
1603088915,ucla,yeah they had almost 500 applications in 2018 so it probably was a crapshoot for y’all
1603088445,ucla,which department if i may ask? because some are hella insanely popular and basically impossible
1603087361,ucla,senior
1603087251,ucla,rip omg. i got accepted on my third time so it takes a while sometimes lol
1603086680,ucla,are u a freshman?
1602999727,ucla,"try to be personable, practice no matter what the club is, think of an answer for everything. when they ask you to talk about yourself, talk about one or two relevant experiences you have but also make sure it relates to you as a person. they don’t want a resume part 2 when u talk about yourself but show that ur professional and friendly"
1602998863,ucla,me a north campus major who is against usac and dailybruin 👁👁
1603247248,ucla,premodern women of korea. you are allowed to miss five of the weekly homework assignments because she drops the five lowest scores
1603321023,ucla,I would really love help! Thank you so much for this response this is exactly what I was looking for
1603315490,ucla,chipotle and ups is always hiring and desperate
1603413612,ucla,Im motivated for some reason. Less distractions to keep me from doing work since i loved going to random clubs from FOMO
1603048227,ucla,does everyone have accepted as a temporary default? because now that i think about it... i think everyone i know and me has accepted as their application status
1603039184,UBC,I miss getting my daily brisk walks in-between classes.
1603251720,UBC,"I feel you. A month ago I had one of the worst anxiety attacks of my life, like a truly terrifying experience. Checked in to the AAC at VGH, got started on meds (which was hell) and missed a full 3 weeks of school. Had to drop a course and take a reduced course load. Every day I battle unwanted/irrational thoughts. My anxiety hasn't been this bad in 6 years. Taking one day at a time. Hang in there."
1603547961,UBC,"I'm not sure what to say, other than I hope you know that little old me sat here in bed reading this and wishing I could hug you. Remember all the times you felt happy, it will come again."
1603419648,UBC,Most computers have a setting where you can shut off the blue-light. Also get some blue-light blocking glasses. Taken a 10 minute break every hour to get up and stretch.
1603299862,UBC,"oof nursing is so hard. My mom &amp; a couple of my friends are nurses. The overnights are especially killer, plus dealing with patients who are scared/angry/in pain is so rough. You got this. There are lots of other places nurses can work that aren't hospitals (like clinics/public health areas) you can work instead! Keep your head up!"
1603038907,UCI,Thank you so much thats so kind
1603038893,UCI,Thank you so much this has a lot of really good resources!
1603038856,UCI,You’re so incredibly kind!
1603507572,UCI,Nope only uci is covered by their insurance
1603474989,UCI,This makes my ❤️ sad
1603252825,uwaterloo,Kinda reminds me of plot of mw3
1602984311,uwaterloo,Mozy's on top (I love Lazeez too)
1603559380,uwaterloo,"Even if it's below the general population, it may be higher than the general population of 18-24 year olds. Since the highest demographic is 80+ year old males."
1603493578,uwaterloo,Did someone die?
1603502707,uwaterloo,Once a year... Damn
1603037692,UofT,"A&amp;S student here, what fucking majors are your friends in that they have free time LOL, no breaks here either ;\_;"
1603058510,UofT,"Wow, I’m POLSCI as well, surprised he says the readings are short tho!! maybe it’s because I’m in Philo and Bioethics also, good for him, I FR can’t fathom how he managed to pull off free time haha"
1603057757,UofT,"Yes, 412 and 413 are both continuations of 311."
1603054663,UofT,"I believe CSC321 is now CSC413 (which has similar content to APS360), and you should add CSC412 to the list as well."
1603068417,UofT,Definitely go over the past midterms without looking at the solutions and then compare your answers. And the PCRS. Also it's usually helpful to read over Piazza to see what other people had trouble with so you won't get caught off guard woth little things other people have noticed.
1603229077,UofT,"Relatable man

I think if you wait till you graduate you'll be unemployed for months which isn't great."
1603349329,UofT,"This is really fucking cute, best of luck OP, this semester has been difficult, I'm sure most on the subreddit would agree. This is really nice to see for a change, rooting for you!! :D"
1603497926,UofT,"&gt; posted privately to all instructors

So are you Carlos?"
1603417572,UofT,Free gift cards? Where? When? Why? How?
1603388922,mcgill,Can I fill this out even as a grad student?
1603561616,ufl,"The sunflower head is actually an inflorescence made of hundreds or thousands of tiny flowers called florets. The central florets look like the centre of a normal flower, apseudanthium. The benefit to the plant is that it is very easily seen by the insects and birds which pollinate it, and it produces thousands of seeds."
1603343827,ufl,lmao this is old anyways the girl's name is sunny and she's really talented
1603052553,ufl,bless your heart.
1603217430,uofm,Really depends on the grad school/overall program. r/GradAdmissions might be a good resource to find a GPA benchmark if there’s a specific program you’re thinking about.
1603264037,uofm,*county
1603427917,uwo,"you cant at Western but you can at King’s (Westerns affiliate) i contacted the Program assistant at King’s a few days ago as i was wondering this too. Go to the Kings Bachelor of Social Work site, theres lots of info there! And the program assistants contact info so you can contact her and find out more!"
1603217204,UMD,"I am definitely feeling it. I'm only taking 12 credits and it is SO hard for me to focus. I need to buckle down and do my work. But damn, it's hard."
1603055141,UniversityOfHouston,"Lonestar uses D2L and not o lot is it horrible, most of their teaches barely know how to use it. HCC is much better prepared than LSC overall for online classes"
1603115955,UniversityOfHouston,"Tip num. 1: Don't start college at 18. You do not have the life experience to understand what you want to be when you grow up. I'm 30 and I barely have the experience. Some people get lucky and have always known. Most think they have an idea and either end up finishing that poli sci degree or end up switching around a dozen times, racking up even more debt. 

Tip num. 2: Do not take out one single dollar for a degree without great payback rates. Ie. If you want to be a preschool teacher, that's great! Just be aware you are going to make less than $45,000 a year for the next decade and you will be paying off your $50,000 in loans for EVER.

Tip num. 3: do every single gen ed class you can at community college. Most TX state schools let you transfer in 66 hours from community college (plus 4 PE hours). That does not include CLEP or AP or IB hours (at least at most schools). Walk into your degree plan with every single 1000 and 2000 level class you can already done. 

Tip num. 4: Do not be afraid to double for even triple enroll. UofH wants you to have 8 different gen ed natural science classes but HCC only has 6? Look at other community colleges. LoneStar might have 1, San Jacinto might have 2. 

Tip num. 5: Treat college like it's your job. If you are spending more than about 8 hours a day (40 hours a week) doing school work, outside of finals, you're doing too much. Your mental health and keeping burnout at bay are just a important as that 20+ hour course load you've got. 

Tip num. 6: understand the habits you start now are only going to get harder and harder to break. Theres a reason your grandpa is ""that's just the way grandpa is."" The older you get the harder habits are to break. Be very careful the amount of alcohol you put into your body. It is not too early for you to get addicted. 

Tip num. 7: Try not to live on campus. College students are disgusting and campus housing is a rip off. I kid you not, there was a guy in my freshman dorm who got scabies and they didn't even replace his mattress after he moved out. That's an unusual horror story. Normal ones are the sheer amount of blood, sweat, piss, and seamen currently stored in your mattress. It should be a biohazard."
