created_utc,subreddit,body
1585193282,Anxiety,"My best advice would be to dig deep and work through why exactly you’re panicking. When this happened to me it was bc the person was very triggering for me. In which case the best solution was to entirely block them so that I could work through my emotional issues with them without getting retriggered and having to start all over again. If it’s someone you want to maintain a relationship with, you will have to practice retraining your brain. Maybe add a contact picture of a puppy to their contact or something positive you can build an association with"
1584892946,Anxiety,I am! Music calms me a lot in times like this - Christian and secular alike. Leaning on verses like Romans 8:28 these days.
1585404311,Anxiety,"Societal collapse hasn’t happened anywhere else, and it certainly isn’t gonna happen here."
1585108763,Anxiety,"It's funny because THC can cause dissociation to many people, but it usually ends when the high ends. If you just want a relaxed feeling and don't care about the high buy some CBD gummies or a CBD oil tincture and take anywhere from 50-150mg of it. That amount can give you that relaxed body feeling without psychoactive effects and could really help with panic attacks and dissociation. And I'de definitely try it before taking benzos or something. Not that benzos are bad, it's just that CBD is much more subtle, non-addictive, and can have really positive effects sometimes."
1585110677,Anxiety,"I got dissociation and panic attacks/paranoia almost every time I smoked, which is why I will never smoke again. Weed is probably the reason why I still suffer from panic attacks tbh. But anyways, since you're not 18 you could have a parent/guardian get it online/ grocery store/ and probably some other places. It's kind of expensive but get the most potent stuff, which will contain usually 50-100mg in a dose. At your age I wouldn't worry about not smoking, and many people would advise not to since you are underage (and it's illegal)."
1585276528,Anxiety,Have you considered applying for unemployment? The expanded the reasons to apply given recent events. Won't hurt to try
1584920862,Anxiety,"I know it is, the guilt of it just got to me. I’m not saying my friends are wrong or that my family was right, I’m just saying in the moment I felt I had no choice, otherwise I’d be souring my family relationships. I’m not saying it was the correct choice, either.


Anyway, I didn’t really post this here to be told I made the right decision, it was to express my emotions in a space that wasn’t my friends or family."
1585263148,Anxiety,"I went down this exact same route. It’s like my anxiety battery is drained? Or I’ve found some acceptance of the situation. I know what I ought to do to keep myself and others safe, and that helps a lot."
1585262549,Anxiety,"Honestly, I’ve stopped using most of Reddit as a result of the sitewide COVID-19 reaction. Just keeping to a few smaller subs that I enjoy atm (well, r/AnimalCrossing isn’t small LOL). 

Armchair Reddit experts don’t make anyone safer, and cutting them out of my social media experience has done wonders for my anxiety surrounding this."
1585264453,Anxiety,"Partied with my friends on my Animal Crossing island last night. And by “party” I mean they kept swatting at my villagers and digging swear words into the dirt. But it was a good time all the same. 

We might be social distanced to shit and back, but life still finds a way LOL"
1584926355,Anxiety,This podcast was helpful to me so I figured I’d share https://anchor.fm/mental-me/episodes/Mental-Me-Mental-Health-and-Wellness--5-Ways-to-Cope-with-Coronavirus-quarantine-Anxiety-ebq960
1585272828,Anxiety,"That’s exactly how I feel. I was way more scared when I had to go to work every day, in close contact with dozens and dozens of people... now I’m working from home. The grocery situation’s stabilized in my area too (due in part to 24-hour stores restricting hours and putting limits on certain foods). 

Stability is what really helped me. We’re in the thick of it now, but we’re making do and getting by. That feels way, way better than not knowing what’ll happen next."
1585000890,Anxiety,"My state (MI) just ordered a stay-at-home executive order, starts at midnight. Looks like I’m gonna be at home for a few weeks. 

I’m glad we’re locking down quickly though, it’s gonna keep a lot of people safe. There’s a case even in my ultra-rural county, so it’s obviously starting to travel about. Best to inhibit it wherever possible. 

Whew. I need to lie down and relax. Thank god for Animal Crossing."
1585000612,Anxiety,"My state (MI) is doing a good job too. We just announced a stay-at-home order today, and were really strict about business openings up to this point (delivery/curbside/drive-through only). I’m glad this is happening, it’s gonna keep a lot of people safe."
1585346156,Anxiety,PM me. Let’s be friends !
1584922199,Anxiety,"I don’t care if I die, I just don’t want to give it to my older relatives, who are at an increased risk. My parents are diabetic, too.


Also, my friends have the right to be freaked out over it, and that’s besides the point. The point is that they do care and by me going home, I upset them."
1585059065,Anxiety,"I had the same issue, it may not work for you but I just kept gum on me at all times. Like nonstop chain chewing. instead of doing it that way because that might not be healthy at all. Maybe only chew a piece when you feel yourself going for the inside."
1585306361,raisedbynarcissists,💙
1585260877,raisedbynarcissists,\*hug\* 🤗
1585263989,raisedbynarcissists,Watch him on masterchef kids! He's so amazing with them
1585263939,raisedbynarcissists,Except if you were actually 7 years old gordon ramsey would not yell at you
1585358483,raisedbynarcissists,Why is this comment so low? I just want to respond “MANDATED REPORTER” to some of these posts. They can and will lose their job if they don’t report possible abuse.
1584907381,depression,I’m really sorry for what you’re going through. Exercise is something that has really helped me with my mental struggles as well. Would doing body weight exercises in your home be an option?
1584917804,depression,I’m really sorry for how you’re feeling. Can I ask if there’s anyone you can talk to? A counselor or a friend?
1585358928,depression,"I keep having lucid dreams of swimming. All I want to fucking do is swim in beautiful clear blue water in the hot sun. My mom recently got a job with an airline, her dream job, (she's now been laid off of course) and my best friend and I were going to go on a grad trip to Hawaii with my mom's buddy passes, only paying the tax.

Then we were going to house sit when we got there so accomodations would be free and we could spend all our money on artisinal local jewelry and clothes, and food, and booze. One of my ultimate dreams was coming true. I was going to spend hours upon hours in the water, blissed out, with a belly full of local fruit. But nope! Even my university graduation festivities are cancelled and my mom may never be re-hired. That trip would have been life-fuel for *months* afterwards. Now I never want to get out of bed because that's the only way I can even pretend to have those experiences."
1585358531,depression,"If you could be reborn in each new installment of the fanchise that would be dope though. Or if you could hope from Pocket Camp, to Happy Home Designer, to the main games at will!"
1584849768,depression,You don't want to live as this person you hate. That's understandable. What exactly do you want to change?
1584849639,depression,I understand what you're feeling. Life is really hard for some of us. I'm wondering what's on your mind?
1585154863,depression,"Maybe this isn’t the right time to make a joke, but this makes me think of The Office. You know that episode where they have a lonely hearts convention? Dwight goes:

“No, lonely people mixing with each other? Breeding? Creating an even lonelier generation? You’re not allowing natural selection to do its work. You’re like the guy who invented the seat belt.”

First thing I thought of when I saw this post, and it made me laugh, and maybe it’ll make someone else laugh too."
1585424192,depression,"Yes. It’s really tough. I’ve been dealing with anxiety and depression and working on healing trauma. I was making slow progress but this mess has set my depression back to a new low. I feel so hopeless. I’m just glad I have two therapists right now, lol. Hang in there."
1585415246,depression,I’m really sorry for how you feel. Can I ask if you have anyone you can talk to about how you feel?
1585359410,depression,"I feel you, as soon as I get my first Canada Emergency Response Benefit deposit I'm getting a switch and Animal Crossing. I have severe asthma so I'm afraid to even go for a decently long walk lest I catch the virus and end up on a ventillator. 

Funny enough, the benefit money is far more than I make in a month even working two jobs and driving myself into a desperate state of exhaustion on top of being a student! Kind of a strange feeling to know that I am being paid more now to stay inside than I was when I was working myself to the bone."
1585285120,depression,Yeah. I feel weird when i dont feel empty and my old therapist says that its ok to feel ok
1585031308,depression,I sometimes feel like I don't actually love anyone...like my feelings seem so distant and muted and they don't feel right. It makes me feel so guilty about the people in my life. Like they love me so much but i cannot love them in the same way.
1585030146,depression,"I'm in school too... I almost quit. I kinda just do the assignments on my good days I guess. But, if I ever find myself in a long term slump I could easily see myself putting everything off."
1585149977,depression,"This might be an unpopular opinion but being attractive doesn't make you happy. I'm attractive but I still feel left out, I still feel unwanted and I'm still not happy. L"
1584956930,depression,"I’ve made a couple posts here and with an alternative account for some really personal shit, every single one was ignored lmao."
1585319968,depression,GoodRx saved me when I was low on my old meds. I didn’t have insurance anymore and I was a week in without my meds. They were ready in 20 minutes. Make sure you have a refill available.
1585112062,depression_help,"Ok hear me out. If he won’t accept help maybe you should still give it to him. My freshman year of college I got so deep in my depression I gave up and would’ve probably been gone if my boyfriend hadn’t called the cops on me. Yeah that’s right, literally called the cops. He was out of town and couldn’t go to me to make sure I wouldn’t do anything so he called 911 told them I was suicidal and needed help. They showed up at my door and I can’t tell you how angry how livid I was. I didn’t want to open up to anyone because it felt wrong. It felt like I was pathetic and it was embarrassing to have to talk about my depression and feelings with anyone in my life. The police checked my room, chucked my pills, and wouldn’t leave until I was finally honest. They sent a counselor to my door and I tried refusing to talk to her but eventually cried and told her everything. Sometimes it’s really hard even if you do want help, to get past all the stigmas and other reasons to not seek it out. Also it sounds like you have compassion fatigue. It is incredibly draining to have a parent in such a state, and also be struggling yourself. You have spent all of your empathy and you shouldn’t feel bad because from what I read you are very strong and have been supporting the both of you. I wish you the best."
1585111108,depression_help,"I have to deal with the same thing. Me and my boyfriend of a few years are currently working on this since I get upset too easily and start being mean with words almost immediately. It’s hard when emotions come so fast and deep because you get swept up. So far I’ve had the most luck with distracting myself. There’s this thing my therapist taught me that’s like as soon as you feel any strong emotion you use your senses to think of 5 things around you in the moment. What are you smelling, seeing, hearing, touching, and tasting. And you repeat that in your head (or out loud if you like) Here’s an example: I am seeing white walls, I am smelling vanilla, my mouth has a slight sweet taste, I am touching my phone which is stiff and structured, I am hearing the people shuffle around in the apartment above me. Just like details to momentarily stop the explosive reaction. After that I then write down every last thought, and that usually calms me down enough to start thinking constructively at that point instead of destructively."
1585110141,depression_help,"I completely understand, I’m the same way. Could you maybe FaceTime or Skype your friends? Getting to see them, even if it’s online, is at least more human interaction than not taking at all. Humans are social people, these times are very difficult :(. Also I’m not sure if you’re living with parents or siblings but maybe coordinating an activity with them could also help. And if those don’t work, the best way I’ve found to help my codependent ass, is distract myself. If I waste the hours until it’s time to sleep I don’t miss people because im occupied. Not obsessing over how much I miss people helps me not succumb to depression. Try giving yourself tasks that are time consuming. For example, I paint until I finish a piece and that usually kills like 4 or 6 hours. Organizing all of my clothes into seasons, colors,
and type is another thing I’ve done to serve this purpose. Set your day up with a few long things to do. I also pair whatever Im doing with a Netflix show so it still kind of feels like I’m around people. Today for example I cooked a recipe that was looong and then cleaned out a bunch of clutter that was in storage and I did that while I was watching on the block (show on Netflix). One more thing, you can also exercise at home. If I work myself hard I get the endorphins and those start to make me feel better too. Hope this helps!"
1585108773,depression_help,"Hi, as someone who’s been talked off a ledge multiple times I think the best you can do is tell them that you are there and you love them. No matter the problem letting them know you care about them will at least reassure them they’re not alone. And having people care makes someone feel that at least not everything is bad. Try to offer them emotional support. If they’re venting for example don’t just reply “damn that sucks” more like “you don’t deserve that. I’m so sorry that happened to you.” (but more personalized), and depending on the situation tell them how much they matter and why they are a special human being. I hope this helped a little."
1584885762,ADHD,See I sorta don't like this bc I've had pharmacies lose my digital prescriptions for controlled substances that it's hard to get a second prescription for unless the doc trusts you. Never had a paper script lost
1585074782,ADHD,"&gt; I get up at 6:15 am every day to wake up my lizard...  

Is this a euphemism? :)

But for real, music. Something upbeat that you can dance to. It helps get that dopamine flowing."
1585197650,ADHD,"Lol I'm 100% the same about the memory... i can watch a movie twice and have no idea i watched it twice, but hey, at least I can watch the movie twice!"
1584856864,ADHD,"Well, I was going to put ""two minutes,"" but I'm not the best judge of when it's been any minutes, so I decided to play it safe and keep it vague."
1584916211,ADHD,You’ll have a relevant username then at least?
1585006462,ADHD,adhd-ers stick together! we got this &lt;3
1585280760,ADHD,Hope you qualify for the free tuition. ✌🏼
1585279331,ADHD,Ya that's exactly how it is for me... and then there is one scene that will remind me of what will happen and its a bit of a bummer lol
1585081031,ADHD,So true.
1585029316,ADHD,"I do! But not in that morning routine on work days, there's not nough time (something I learned through ntrial and error as my time blindness is pretty bad). I triedd to squeeze working out into the morning routine, but it just doesn't leave me the time I need for schoolwork, and that's my priority.

On off days I keep it all the same up through the mindfulness, then I may do schoolwork but I'm more flexible. For hobbies it depends. Things like video games or internet rabbit holes I use as rewards for myself as added motivation. 

If you're like, ""I want to learn guitar or how to crochet,"" I suggest making a specific time for that (you can always do more when you have free time), but if you don't set aside a specific time, once the newness wears off you'll walk past that guitar/crochet basket and think ""man I need to practice more, let's do it now...well right after I do these dishes that are suddenly urgent even though I've been walking past them for a week (or has it been 2 weeks, hmmm), anyway where was I, oh yeah and finish 2016 taxes, then we'll practice the thing, for sure."""
1584937121,ADHD,Call me George Forman cuz I'm selling erybody grillz
1585278353,ADHD,"Everything happens at least once. No worries, dude. :) You got this!"
1585278272,ADHD,"Congrats! 💛❤️✌🏼

Are you entering as a freshman or transfer?"
1585147718,ADHD,"I have the exact same problem regarding rules and my impulsivity! God it sucks. I don’t have any great recommendations for coping mechanisms. Regarding meds, my “jittery/faster heart” side effects only went away after I took them for about a week. I also know that people recommend trying other types of stimulants (adderall vs vyvanse vs etc), because some work better for different people. Best of luck!"
1585146300,ADHD,"Also, if you haven’t found “HowToADHD” yet, it’s a great YouTube channel in general for ADHD topics."
1585146272,ADHD,"Thank you for asking, I wish you the best!"
1585146136,ADHD,"Executive dysfunction for me affects everything. It’s worst with tasks that have a lot of pressure on them, like assignments or a habit I’m trying to build. However, it can even be stupid little things, like washing my hair. Yesterday I forgot my meds before my shower and my brain just refused to shampoo my hair. It was kinda good that it happened, though, because it made me remember I needed to take my meds.

There are some things that help other than meds, especially outside motivations. I really liked my professors my first year of college, so I had a much easier time with their assignments specifically because I didn’t want to disappoint them."
1585145684,ADHD,"I was diagnosed with ADHD a little over a year ago, and I take Adderall XR once a day. I haven’t noticed huge memory benefits but it really helps with my severe executive dysfunction. The invisible brain wall blocking me from starting the task is removed, and I can /choose/ whether or not I want to do something. It’s great! It’s also indirectly helped a lot with the distress that this executive dysfunction causes, especially with college assignments.

For memory problems, I’ve only ever gotten results from physical interventions. For example, I have a hook for my keys and a notebook with due dates. My meds gave me the ability to develop the habit of using these tools, so I guess in a way they helped with my memory problems. Focusing on conversations is a bit easier as well, but I don’t normally struggle with that unless the person is super quiet. Lectures are worlds better, as they could be almost painful before I got diagnosed and started medication. I accidentally set up a semester with two classes and a 3 hour lab in a row one day a week, and I would be so exhausted afterwards I often broke down in tears. Now I can handle it as long as they’re within my medicated window!

My biggest problem is that my meds wear off too early. I can’t take my pill much later than I already do because it keeps me up at night. I want to do nighttime skincare and get in bed on time, but I am too easily distracted by phone games or other easy dopamine sources, like sugar or junk food. Anyone have any tips?

TLDR: helped a ton with executive dysfunction, lectures aren’t torture anymore, memory didn’t improve much"
1585158377,ADHD,Ha.
1585158254,ADHD,"This answer might get a bit long because I'm not sure there is ONE answer, and maybe there are some others here who will have other or better suggestions. Because, the truth, for me, is that it's a constant struggle. Things are by no means perfect, and I don't always follow my own advice and ""rules,"" but they are exponentially better. 

Transitions are incredibly difficult for me. I use alarms and I have ""rules"" like -switch when the alarm goes no matter what.- Easier said than done, but the better I stick to it, the better I do. A lot of sticky notes (some just reminding me of things like the last sentence). But many times I still spend too long on tasks (like this post). For transitioning to get started, I know I just need to START. I try to break things down into small tasks (and don't get bogged down here, you don't have to break down the whole project), just do the beginning, because wants you get started...well usually there's no stopping us. 

For motivation, the ""easiest"" part first. (let's call it ""small m motivation"" - like brushing your teeth/laundry/making dinner), **music** is king (for me). When I start my morning routine I immediately turn on upbeat music. Something you can dance or sing along to! On some days, I really just don't feel like doing anything, I don't even have the motivation to say ""Alexa, play Ants Marching by Dave Mathews"" (my go to teeth brushing song because of the opening lyrics). On those days I have to remind myself that once the music starts I'll almost certainly feel so much better, don't fight it, it's ok to be happy. 

Second, ""Capital M Motivation"" - like getting motivated to get your life together: Short answer first: This circles back to my first comment, I finally found something that resonated (mainly the How to ADHD Youtube channel). Finally, understanding how my brain works, knowing it wasn't my fault, helped stop the negative self-talk and out of the fog of depression, and then helped me overcome a lot of the motivation issues that were holding me back. (Below is the long rambling story version I wrote first.)

I really hope at least some of this helps. Just remember, you're not lazy, indifferent, or selfish. You don't need discipline or to just ""try harder"". You are different and you're not alone.

*This next part isn't really advice. Instead, what I ended up with is a long anecdote of my personal experience, feel free to skip. I didn't realize where this was headed when I started, but now that I wrote it all out I don't want to delete it. Also, I realized I have not told this story to anyone until now.*

Basically, I hit rock bottom. I had been fairly ""high functioning"" for a while, but I was spiraling downward. My finances and work-life were a mess, my personal life immediately followed, and I essentially didn't have any friends (because I didn't keep up with any of them), only colleagues/employees. I ran my own (pretty successful) business, but being good at my job combined with my ADHD..., well I would get frustrated with others I thought were idiots...and as my wife would tell me, frequently, ""you can't be so abrasive with people all the time"" (to which I usually responded with well the shouldn't be so stupid). Not to mention I was terrible at the business of managing my business (keeping clients happy, hitting deadlines, filing all the right paperwork, etc). I read (or listened) to every productivity/organization book I could find. As I said in my original comment, nothing worked which led to depression as well as increasing my anxiety and emotional dysregulation. 

Eventually, I quit looking for new clients, I could hardly get out of bed each day...I lost all motivation to do anything. All of this put more strain at home, on top of my struggle to remember to do the simplest things around the house. My wife and I were fighting more, and I could tell she probably couldn't take much more. The morning we were leaving for a vacation, I wasn't packed, I hadn't done any ""I'm about to be gone for a week to-dos, and we were almost certainly going to be late to the airport. Needless to say, my wife was pissed. I had a total melt-down and she decided to go without me. 

While she was gone, it got worse, at first. I hadn't left the house in days. I hadn't done anything. I just laid on the couch in this depressed, zoned out state, somewhere I knew my marriage was probably over, but even that didn't motivate me to try and do any of the things I should have to try and turn things around before she got home. Then as I'm laying on the couch watching whatever Youtube is playing next because I couldn't be bothered to pick something, this video came on - [Failing at Normal: An ADHD Success Story](https://www.youtube.com/watch?v=JiwZQNYlGQI) \- I wanted to turn it off, I didn't want to hear about how someone else had it figured out, but that would require effort - halfway through I was sitting up, tears running down my face, by the end I had slid on to the floor and had completely lost it. It resonated so much. Even so, it was still another day (or two maybe) before I went and found her channel [How to ADHD](https://www.youtube.com/channel/UC-nPM1_kSZf91ZGkcgy_95Q)."
1585053696,ADHD,"If I don't brush my teeth as soon as I wake up, it doesn't happen."
1585063988,ADHD,"&gt;  I’ve learned enough about myself to know now that I am happy and more successful with a routine and I can at least make the deliberate mental connection between activity and result.

Well said. My mantra: It's not about knowing what to do, it's about doing what you know."
1585063795,ADHD,"I use this one too! The ""rules"" govern my routine. Like, I can't move on until the previous step is done, even if it ""makes more sense"" that day. I don't leave my bedroom/bathroom until the bed is made and my teeth are brushed. If one of my dogs really needs to go out, I will go let them out, but then I go back into my bedroom, no coffee, breakfast, checking phone, etc... until bed is made and teeth are brushed."
1585063574,ADHD,"I feel all of this. It's still a struggle on many days, the interruptions in routine, small or otherwise, can be detrimental. From bigger issues, down to the shirt I planned to wear has a stain on it, it can be hard to push through. For me, the routines work because whatever the interruption/distraction I don't have to think about what to do next."
1585062632,ADHD,"Yes! I have learned there are several things I thought of as weird personality quirks that turned out to be my brain subconsciously coping. 

For example, when I do clean, I tend to focus on one room, and things that don't belong there, I just pile them up in the next room. Otherwise, you go to put them where they go, you open the hall closet and...man this closet needs to be organized, \*pulls out box\* what's in here? Ok, I need to go through this stuff, hey, some old photos! \*looks through photos\* ...6 hours later, original room not clean, closet not organized, everything from the box piled in the livingroom...i'm getting anxiety just from the hypothetical. :)"
1585060012,ADHD,I am wayyy late but this post is so relatable. I'm able to crank out 8 hour guitar days like its nothing. Has it become a bad thing for you?
1585292691,ADHD,"&gt; whole ass-bottle

***

^(Bleep-bloop, I'm a bot. This comment was inspired by )^[xkcd#37](https://xkcd.com/37)"
1585024820,ADHD,"Trying to use motivation and productivity strategies designed for neurotypicals only led me to more frustration, negative self talk, and ultimately depression. Then, I finally turned my hyperfocus toward ADHD and it was like the first months after I I went on Adderall, like I was walking around in the dark, but don't know it until someone turned on the lights.

Understanding how my brain works changed everything. (Not a doctor disclaimer) Dopamine is not so just the reward center, it is drive/desire. ADHD brains have a lack of dopamine receptors, this is why we sometimes have trouble being motivated to do even the things we want (or worse the things we NEED like eating or going to bed).

Different strategies work for different people, and sometimes ones that used to work don't any more. I won't recap them all here since there's a lot of good information out there (though I recommend the How to ADHD YouTube channel as a good place to start). But I will say, routines work for me. It's the only way I get my teeth brushed, and my online classes done.  Every morning I get up, make the bed, brush my teeth, feed my dogs, do 20 minutes of mindfulness (I started with 2 mins), then do school work until it's time to go to real work. I let almost nothing break this routine.

Sorry, this went on longer than planned... hopefully it's not full of typos bc I've used up all my dopamine, besides proof reading's for suckers and neurotypicals."
1585174002,ADHD,I take notes even when my friends and are just having friendly debates LOL
1584935000,ADHD,"I get the anxiety and triggering of RSD, a teacher critiqued my paper once and I full on sobbed in her office hours. The best advice I can give you is this, if you're still really upset, give yourself the rest of the day off, stop looking at the paper, try not to think about it, just rest. You said you love writing, so why not after you rest up, try and write something just for yourself, on anything you like, just to remind yourself of WHY you love it in the first place. Then, after this, try and tackle your paper again. I believe in you :)"
1584934566,ADHD,"Big Mouth did so great talking about depression and shame, but as soon as people want to talk about mental health that isn't depression or anxiety, writers just don't give a shit....I hope one day my existence and struggles aren't played for cheap laughs"
1584900480,ADHD,"This happened to me as well and is not uncommon (I believe). I've only recently (the last 3-ish months) began really turning things around. Things are by no means perfect, but they are way better, especially my personal well being/mental/emotional state. I still have bad days, but now they're much less frequent and easier to manage because I have many more good days in between. 

Happy to elaborate more, if you're interested. (E.g. How I just stopped myself from going on a monologue, unprompted, about my own self-improvement without gauging whether you wanted to hear it...) (Well explaining what I didn't do now has me rambling on too long, as well as this explanation explaining the previous explanation, but this is it. I'm done, finished, finito, fin, the end). For real, I'm stopping, it's not even funny anymore (if it ever was)."
1585059572,ADHD,I feel the exact same way sometimes man. Atleast you recognize that there is a problem. Continue to work on your self awareness and I believe you can make worthwhile changes.
1585059381,ADHD,"I stumbled upon Jessica's Tedx Talk while on some Youtube spiral, and I don't think anything has ever resonated more with me in my entire life. I was like I need to check out her channel. So like a week later, I did, and it (is all seriousness) changed my life (and probably helped save my marriage)."
1585059028,ADHD,"Of course! It's a great question, and I'm still learning too! I didn't get diagnosed until I was almost 30. I went through a few medications until I found the right one, and as many here can attest, it was was life altering. I thought that was it, take a pill and I'm better. 

But eventually, I got used to the ""new normal"" and I started struggling here and there. I thought it was just a lack of self-discipline, but after about 5 years I started really getting down on myself, and things really fell apart. Now I realize it's because medication only treats part of it, it's more like a crutch (not in a bad way) than a fix. I didn't learn any coping skills, nor did I really have any idea (in retrospect) what was going on with me or my brain. Only in the last 6 months have I really turned things around."
1585181860,ADHD,"Jessica is dope. I love her so much for her hard work. She opened my eyes to so many thing I never managed to understand about myself.

She's amazing and the only ""complaint"" is that I want more videos, but I think that's more of a compliment..."
1585178084,ADHD,"Seriously, just do your best. You can do it!"
1585177583,ADHD,At least you didn’t toke the call with you the bathroom. I’m sorry this is difficult for you.
1585188078,autism,Can you give an example? I have never heard of this before.
1585181441,autism,What foods do you usually get?
1584904394,autism,"Indiana Jones is *quaking*

Also, I absolutely adore your eye makeup!"
1585311584,aspergers,"Just assume it's always friendly, good-natured and move on"
1585354810,aspergers,"Oh nice. I can't tell if it's my own dislike of myself that says, yea that makes sense why save me, or if it's the depersonalizing practical part. Quite shitty still though"
1584919162,bipolar,"I've been on Vraylar for over 3 years now. It's been my miracle drug. It helped me be ""sane."" I take mine at night with the bulk of my medications. 

It the beginning I had this physical jitteryness that just wouldn't stop. But that side effect went away pretty quickly. I function pretty normally on it. I think that I've missed three doses the entire time I've been on it. So I can't tell you about withdrawal side effects."
1585087420,bipolar,"Oohh, same. I'm stable, for the most part. But life doesn't feel exciting. Or the worst thought I have is that my baseline stable doesn't mean that I'm happy. Like I thought there would be more job and smiles. Ya know?"
1585077968,bipolar,Shit Thank you for reminding me to take them today. My schedule is so out of whack I have been forgetting.
1585145206,bipolar,"When I first started Vraylar, I was jittery all the time.... like I couldn't sit still. But that eventually went away.

I feel, like you that I was stuck in depression for so long that it was my baseline. And I don't know what my normal is. 

I use Daylio to track moods and for the most part I stay pretty stable, coming in between three areas... some days I'm super ""rad"" and others are super ""bad"" But I spend most of my time in the ""meh"" area. (If you don't use Daylio, I know this might sound like a foreign language)

I'm hoping that some time soon my baseline with be a happy one, where I can experience all the joy..."
1585165281,bipolar,can you please rename the app
1585167729,ptsd,"Yup, it just seems like my regular routine, especially since I am ""essential worker"" and am introverted most of the time. My anxiety has actually decreased."
1585343016,ptsd,"Just based on what you have shared, yes. This could meet the criteria for a “criterion A” event in the diagnosis of PTSD. 

I am sorry the mental health providers you’ve seen haven’t been seemingly receptive to going down that route or appropriately assessing you. I hope you are able to find a provider who is willing to have those real and necessary conversations with you."
1585108096,socialanxiety,You’re not alone.
1585196845,socialanxiety,The weird part is that they all came together as a group partially because of me. But yeah I feel weird when they ignore me like that. I was under the impression that I was friends with all of them. Guess not
1585196754,socialanxiety,That’s a good point.
1585196733,socialanxiety,Thank you 😊
1585196691,socialanxiety,That’s actually what I do! I message particular people instead of everyone. I don’t know why I got lazy and decided to send one in a group.  Thanks a lot for your advice.
1585424184,socialanxiety,"I posted about a group chat with some friends here some days ago. Totally understand what you’re going through!! I was also a part of a work chat last year. The whole experience nearly crippled me emotionally. My job was going horribly because none of my coworkers communicated with me. One of them used to blatantly ignore me whenever I talked to him. Obviously, the same dynamic existed on the chat. I ended up becoming a lurker because it was so alienating. My supervisor told me that he was changing my contract to part-time and that I wasn’t making friends or fitting in. I ended up leaving the job. When I told him that about how I felt social anxiety because of how I was being treated, he said that I need introspection.

Really hope things get better for you. Toxic workplaces really grind down your self-esteem and confidence. And these group chats make it worse. At one point, I felt like I was being judged for not replying to a joke at 2am in the night."
1585165793,socialanxiety,Thank you!
1585161932,socialanxiety,"I am glad you found peace. I am figuring out a way to cut contact in a subtle manner. I’ve decided not to text in the group anymore. I’ll see where it goes from there. 

It’s so frustrating tbh. I don’t know how people do this. I find it hard to live my life knowing that I’ve purposely ignored someone’s message. It feels mean-spirited. I wish I had this luxury: feeling indifference at the fact that another human being thought of you and put in the effort to reach out to you."
1585156821,socialanxiety,Can’t. It will look weird and there’s a good chance I might run into these people again. I won’t be able to stand the anxiety and social pressure of being the outcast who left the group just because someone didn’t answer a message. Most people don’t understand :/
1585337166,socialanxiety,I can relate🤣🤣🤣
1585232624,socialanxiety,"The problem that I consistently face in group chats is that my social anxiety more than doubles, because of the number of people there. 
They also have a free rider problem. People don’t reply thinking that someone else will be nice enough to do it. Texting with one person is a lot less stressful."
1584884584,socialskills,"What bout when you have no friends to check on in the first place, I’m doing my best to make some friends but now is not the time."
1584882926,socialskills,"Sometimes, it is the other person. 

Some people can be extremely oriented on those around them, especially when attempting to make new friends. 

Sadly, these other people don’t see the value in adding another friend to their group. This isn’t morally righteous or a wrong doing, yet I would argue it is not a nice thing to do.

Leading me back to your reply, if you have been trying your best to focus on others and make new friends yet these people are closing their doors on you; it can be clear you are not wanted (not because of you, but realistically because those people do not want to take the time to develop a new friendship).

People act way nicer than they appear to be, it’s quite a small world despite the billions inhabiting it."
1585193368,socialskills,"I say ""my words are too important to be repeated. Ask someone else what I said.

And pay attention next time."""
1585190993,socialskills,Try not to listen to sad music when you're alone because that can make you feel less happy.
1585220685,socialskills,"Ah, using the polite form of ""What did you just say, motherfucker?!"""
1584838547,socialskills,Reckless drivers terrify me.  Wreckless drivers are just fine ;)
1584877387,iastate,"PM, my roommate moved out for the semester and I have an open spot that is REALLY close to MWL. Not trying to give my address online that’s all."
1585007803,iastate,WHy does this keep getting removed?
1585003868,iastate,"jeez, I could not handle that workload hahaha"
1584930434,iastate,"Please tell me you have a mouse and are not using the trackpad for Minecraft. Props to you if not, but I would have a headache within minutes. 

Albeit, the setup looks ridiculously homey for a college town. If you ever want to hop on my realm, lmk."
1585365314,iastate,Fucking asshole
1585431460,iastate,2018
1584920736,iastate,I'm in the same boat as you
1584920609,iastate,"Report this, this is not right."
1585149431,USC,"How absolutely obnoxious. 😕
Send this to your profs: 
https://blog.zoom.us/wordpress/2020/03/20/keep-the-party-crashers-from-crashing-your-zoom-event/"
1585354584,USC,"Ask me for reasons why you shouldn't apply to TO (aka too stem to be literate, that's meee)"
1585416292,USC,Cornell is not longer releasing their stats
1585412933,USC,Standard low key hoodie or zip up. ✌🏼
1585402594,USC,"Don't know why you're being downvoted, idk but gl"
1585295019,UBC,classes can now be credit/d/fail. are you allowed a late withdrawal if you are currently failing (or could fail)?
1585239425,UBC,"&gt; big ass-assignment

***

^(Bleep-bloop, I'm a bot. This comment was inspired by )^[xkcd#37](https://xkcd.com/37)"
1585098614,UBC,is there an option that's says last three
1585077527,UBC,how do i vote no
1585169993,aggies,I wanna say no because i know people who really try but at the same time i also know people who give zero fucks
1585169194,aggies,"in theory, no one can stop you. but if you're making printables for an org/club/anything directly affiliated with the university, you SHOULD go through a printing company that is licensed to publish Aggie/A&amp;M logos, because they will know how to meet the legal stuff best"
1585165909,aggies,Teach everything to yourselves? Damn is that what other depts are doing? That's not cool.
1584985126,aggies,One of my profs said that the proctoring services aren’t taking any more business right now. I think most exams will probably be taken on eCampus.
1584900548,aggies,"I'd like to think fine dining, like: oh this is just fine."
1584934168,Cornell,now this is epic
1585424211,Cornell,"I would recommend finding someone at home who can just give you your trays in advance, and then you can go back to see him only on breaks. I had a total of 4 visits to my orthodontist and was on Invisalign for a year, and I was fine."
1585424044,Cornell,"Yes. I was claimed as a dependent because my mother took out the loans for my room and board last year. That means she paid for over 50% of my expenses, so she gets a big tax break by claiming me."
1584856985,VirginiaTech,I mean I'm just planning on being there temporarily until summer hits so hopefully I won't suffer for the rest of the semester lol. Thanks for you input!
1584856924,VirginiaTech,Okie dokie thanks for the info!
1585317769,VirginiaTech,"Hmmm, harsh. Thanks for the info!"
1585258716,VirginiaTech,"Like I said, I haven’t looked into it. He may have been hyperbolizing and really meant that VT specifically wasn’t allowing professors to do it."
1585189396,VirginiaTech,"I’ve heard from one of my professors that it’s illegal to monitor students’ webcams during exams. I haven’t looked into it too much, however."
1584878520,uofm,Do you get a notification or something if someone has a crush on you?
1584901094,uofm,"But they don’t say who, right? I know you said anonymous but I’m just making sure lol"
1585097278,uofm,"They should just let us go. If we're passing the class already, they should just give us the option to graduate and be done. I know it's not fair or whatever, but my motivation to submit these major assignments and take these major exams is around 0%"
1585246586,uofm,I would love to scroll through the thread and see the memes but somebody sent the entire bee movie script and it keeps crashing my gmail app before I can collapse it
1585357140,uofm,Sweet! I guess I'll maybe get one soon then? I have an optional meal plan that had plenty of meals left so I should lol
1585356720,uofm,This would be awesome. Source...? I haven't seen an email or anything
1585426621,uofm,"I'm not a math major but I can answer based off my experience in engineering and what I've heard from other people that have taken more math classes.

Classes at UMich are challenging but for the most part, equally as rewarding. If you put the effort into any given course, you will end up with a super deep, well rounded knowledge of the subject matter. 

As for the math dept specifically, the intro calc sequence (1-diffeq) is considered pretty bad. But, if you're a math major you'd probably enjoy them to be honest. I liked calc 1, personally. However, I've heard nothing but rave reviews for higher level math courses. Much more theory involved and great staff. Again, they'll be really tough courses, but if you give them the respect they deserve you'll get a TON out of them."
1585084860,uofm,"I’m a second semester senior. They’ve taken everything away from us (and I know it’s for the best yada yada). I’m tired. The only relevant class I’m taking is a lab class, which now consists of projects and watching lectures. What’s the point. What’s the point."
1585082908,uofm,I can relate
1585343751,uofm,"Oof. So far I’ve only had a quiz, and it was administered through canvas"
1584872425,uwo,That cat needs to see a vet...
1585047925,uwo,"&gt;Ok thanks ! Thing is I think I only have like one sc class the rest is physics (so mostly math) and a few Econ courses. So do think I need a laptop for my degree ?

Depends on the specific class, but generally there's a decent chance the answer is yes. Which cs classes are you planning on taking?"
1585046813,uwo,"Beyond any compsci assignments you can do in-class, I receommend going old-school for notetaking. Writing by hand activates your brain in ways typing notes doesn't, not to mention it develops muscle memory when you take/revise your notes in preparation for exams (the muscle memory that comes from simply typing doesn't translate well to exams that are done by hand).

That said, I'm a mature student and I know what's worked for me through two degrees and a diploma...I've also had a few of my younger classmates convert to hand-written notes and who hace mentioned their exam performance improved. Now, that's anecdotal, but it certainly reflects what the science would suggest.

Personally, I'd love if laptops were barred from classrooms. Besides the constant clacking of keys, the sheer number of students dicking around instead of actually doing schoolwork is astounding. And yes, it's a fucking distraction for anyone sitting behind you!"
1585026724,uwo,"Hello!

I dropped a course last semester. Information soon to follow!


Information now follows:

You will get a WDN which does nothing really. Just don't have too many of these. 1 or 2 should be fine, not sure how many will be considered unreasonable, i was told to try and avoid dropping courses past the deadline too often, and that, at the same time, WDNs should not make  difference in the future. Kind of contradictory, but that's what I was told. So you should be fine to drop a course if that's what you feel to be right for you."
1585104942,uwo,"I sincerely hope that after reading all these comments to your post, that when you reached mine you were already growing either sarcastic, or, better yet, sobered up...

If you need support or assistance, I know I'm just an oldie freshman, but I'll be happy to see what I can do, even if it's just giving you a link to a resource or something..."
1585092456,uwo,"Absolutely, nothing is ever black and white. 

As I see it, we need to plan our university experience based on the goals we have in the future. But that's the thing, very few 18 year olds knows what they truly seek to accomplish on their lives beyond fairly abstract concepts, and many change their opinion through the 4 years of university."
1585088560,uwo,"&gt;I wish students would realize that a lot of doors are really hard to re-open if even possible at all.

I happen to be visibly older (I'm 27, so technically only 7-9 years older), which prompts some of my classmates to seek advice. I find that many think they can ""get away"" with less effort. It saddens me every time, mainly because so many of those are smart and talented, and can't see that the amount of effort they need isn't much. It saddens me to see that, especially when I do have to put a lot of effort in to my courses only to get to an 80, and they can put half that and get to a 90 or even better...

Aim for 100, at least. Never be satisfied. Always strive to improve. It will improve your chances later in life because of better habits, and will give you a strong feeling of accomplishment when you see the grades you'll receive."
1585198935,uwo,"The regular things I always do:

Complain, get bored, complain some more.

Jokes aside - I have a large number of plants, so they get a lot of attention these days. I also do some programming. And last and not list, I lose my mind from boredom..."
1585352238,uwo,"Wow!! You're getting the same amount as I am!!

Fucking uncreative cretins...Just leaveing that clearly fraudulent URL in the email...Low energy. SAD!"
1585424259,uwo,I'm glad you cleared up that it's an ego thing and nothing else.
1585389372,uwo,"You don't seem to realize how meaningless the dean's list is. I mean, you have to print out your own certificate of recognition for the ""achievement"" (and the certificate looks like an undergrad threw it together the night before the project was due).

No one cares if you make the dean's list, except maybe you and your parents. Employers don't give a shit so long as you can do the work they assign. Grad schools don't care because if yuo're being considered for graduate programs, it's pretty much assumed your marks were good enough to make the dean's list."
1585321719,uwo,"If you're concerned about 0.5 a percent being the deciding factor, you should probably already be considering a different line of study."
1585187476,UMD,Oof I felt attacked on that 30 min working vs an hour contemplating 😂😂😂 this is great advice thank you!!!
1585274376,UMD,talk to your advisor
1585246889,UMD,GPA boost. If you're working hard and know you can get As then it will only help you to opt of P/F
1585264762,UMD,"Can there be a third option ""just continue as normal but don't stress about making As anymore"""
1585172871,UMD,"This gave me some ideas
https://anchor.fm/mental-me/episodes/Mental-Me-Mental-Health-and-Wellness--15-things-to-do-while-social-distancing-ebp3qi"
1585161607,UMD,"All of the courses in the A.S program do. I transferred all of them. For example BPA 111, 201,202, 253, 232."
1585297075,uvic,"I guess what I'm annoyed about is that for my last two courses I am not even getting the last third of the instruction I paid for. No online lectures, no lecture slides, just the readings."
1585271335,uvic,"This is basically theft if they continue to charge full-price. It should be priced similarly to The Great Courses, Skillshare, and Masterclass because it will be a similar product. I don't care if it's different because it provides a peice of paper at the end, it still is not what students are paying thousands of dollars to do."
1585356096,uvic,"Mainly the university's greed. Using ""snowflake"" is getting really cringey, lets let that shit die with the pandemic, along with all of the other weird ""edgy"" internet hivemind vocabulary."
1585380557,uvic,"It seems like there are some unresolved issues that are coming out here which absolutely are not my problem. I'm speaking strictly about excahnging money for something and ending up paying for far more than actually I got. I don't want ""nothing but the best""  I want what I paid for, nothing more, nothing less.

 I don't know why but I expected the university as an institution to have that basic level of integrity and respect for it's students, especially when many of us have to work several jobs just to be here... but it's all about cash. A partial tution refund would make a world of difference for struggling students in this trying time but nah! Uvic would rather spend money on shit like that damn Hawaii observatory that will further displace indigenous communities from their ancestral lands.  

 Both my profs this semester have been trying to convince me to do a masters program with them so I'm certain they don't mind ""dealing with"" me. Just because I've lost respect for Uvic as an institution doesn't mean it reflects badly on my relationships with my profs, they have been saying the exact same things since this started. If I were really the embodiment of this cartoonish spoiled little snowflake stereotype I really doubt I would be so stressed out about a few thousands dollars. I went from 3 jobs to 0 in under a week and I don't actually have some cushy mcmansion to go back to so I can stay with mommy and daddy and reminicse over all my participation trophes, okay boomer? Not every Uvic student is wealthy or even middle class."
1584922550,WGU,Tell me how you did with c207? I'm stuck and I have a week to complete it.
1584908190,WGU,have a ***hug*** (:
1585158713,WGU,I mean I've been a substitute teacher before. But it's so different than being there day in and out.
1585155775,WGU,"I have been thinking that Atlas would be a good option for us. I guess the hold up might be the verification process, like getting signatures for actually doing the work.

I haven't actually looked in what my state has or hasn't approved as far as PCE and DT. I mean I'd love to be a teacher, but I don't want to miss out on the mentoring aspect of PCE and DT."
1585148478,WGU,This is so awesome. I'm stuck on hold right now. One more OA that I can't take until assessments are back up and PCE... Which I can't do right now until they send out the email detailing what we can do. But congrats to you.
1585302211,WGU,"I assume you’ve asked them to take you off the list? If so, just block the numbers instead of changing your phone number."
1585438791,WGU,"That's what I have. I don't know a lot about external webcams, so I won't say ""it's great!"" but it gets the job done."
1584986156,WGU,"I literally have one assessment left before my MBA capstone that I was planning on taking this morning. Totally frustrating, but I’m sure it’ll work out - hopefully soon."
1584914029,gradadmissions,"The ulterior notice is that people think it’s funny to make people panic, the same reason people make up things all the time. Offers aren’t being rescinded, just chill out and make your decisions."
1585007927,gradadmissions,Get lit! Congrats!
1584996406,gradadmissions,"I think either choice is reasonable and will be fairly easy to explain. Personally, I’d take the risk for the grade and know I could explain anything less than stellar. I’m pretty strong in all my classes so far."
1584991852,gradadmissions,I hate it and I hate uncertainty.
1585044735,gradadmissions,"I can assure you that there’s a large number of people out there who have failed to get into schools of their choice. It’s unfortunate that you don’t get to see failure discussed as much as success. It only looks easy because people only tell you about the outcome, not what it took to get there. Keep going and don’t compare your journey to someone else’s. I also suggest listening to the episode “The Happiness Equation” by Terrible, Thanks for Asking."
1585245324,gradadmissions,"&gt;How hard was getting the RA position after graduating from undergrad?

For me, very easy. It’s not always so simple for others but I was ready, willing, and excited to move across the country for the right job. 

&gt;How competitive do you think clinical psychology PhD programs are (subjectively)? 

Most are very competitive. Lives up to the hype."
1585305917,gradadmissions,"I was wondering how fan someone get into Howard with full funding and stipend.

I was only thinking about undergraduate , masters admission. They are very competitive."
1585283159,gradadmissions,That’s amazing! One of the grad schools I’m looking into for a PhD :-)
1585416587,gradadmissions,Still haven’t heard a thing from my 1st choice... I’m so nervous aaaaaa
1585185604,gradadmissions,"I wouldn't do it if I was you, but you do you!"
1584905358,gradadmissions,"I had something similar happen. I was denied entry to a STEM program because I “wasn’t very smart” and that I should “give up on science”.

I got into a STEM graduate program. Get fucked."
1585096887,gradadmissions,Every time I hear this it makes me so optimistic. Congrats!!!
1585085718,gradadmissions,I just got an email with what looked like another applicant CC'd
1585269765,gradadmissions,Carnegie Mellon. Sorry I forgot there are two schools with that acronym.
1584866362,csMajors,Would like to join 😊
1585270085,csMajors,Following
1585165626,csMajors,"If you spend a lot of the day completing a part of the assignment starting earlier is essential. Give yourself a couple of days, working incrementally helps. There have been a few times I’ve started too late on something that required more time and let me tell you it’s not a good feeling running out of time on a project you almost had done😭.  I totally agree about the math, some of it is pointless and I’ve heard from CS graduates that they never used some of it. Once you get to calc 2 some professors (if they are good) will start to explain how it connects to computer science, and that motivated me to care more about some of it. I’m glad I could help!"
1585163774,csMajors,"I am so glad I stumbled across this. I’m a woman in CS too so I think I have some insight. First of all, you should consider what parts of the field you like. I think CS can be for everyone because of all the directions you can take it in but if you truly can’t enjoy any parts of it I think it’s not the right major :(. My passion for it comes from the creative aspect, I love problem solving and the idea that I can code literally anything I can think of. I’ve used hardware like ultrasonic sensors to create an obstacle alerter. Raspberry Pis are also fun to work with. I’ve created apps to serve my own purposes (closet inventory for example). There are so many things to do I’ll never get bored. And just because it started off rough doesn’t mean all is lost. CompSci is super difficult and if you don’t pay attention to every detail or aren’t a fast learner it becomes very easy to get lost. You don’t have to be an expert in coding if that’s not your goal though. You could become a product manager, which is basically like you get a team of software engineers and other peeps and then tell them what you want done based on what direction you want to take the product in. Having a coding background is useful in this job because you have an idea of what vision you want for the implementation or other coding aspects. Data science could be another option for you, I have a couple of friends on that path and they only had to take a few computer science classes and then a bunch of stats and math. There are many jobs that only require a small amount of coding and knowledge. And if you feel confused now let me tell you the first year is arguably the worst. After you get accustomed to thinking like a programmer and learning new languages it becomes more effortless (not completely) but definitely gets better. As for being a woman in this field, some guys will definitely underestimate you, but you shouldn’t let them affect how you view yourself. Focus on your progress and having fun. Don’t forget to celebrate little wins and try to form connections with the girls because they know what you’re going through. Other people struggle too (not just girls), remember you’re not the only one. Most of the time this isn’t apparent because everyone’s too scared to admit they’re having a hard time. BUT TRUST, if you’re clueless on something there are more students in your class that are too. Here are some learning strategies I use that help in CS. If you can, try to form a study group before exams and reach out to some people who are super comfortable with the material because they can help fill in some gaps you might have. Also, whenever a topic is explained in class that I don’t understand I always google it. Somewhere on YouTube is an Indian coder who’s about to save your life I promise 😂. Another thing is practicing coding on your own time. I’m not sure what language you’re learning but if there’s an IDE for it like Eclipse, Juypiter, Clion, etc I recommend thinking up problems for yourself and coding the solutions. Also don’t sleep on office hours or TA help it can actually be super helpful. Finding an accountability buddy will help you stop procrastinating. I had that problem too but now I meet up with a friend a few times of week and we go to the library for hours to do homework. I wouldn’t do this on my own but the fact that it’s set plans and they’re counting on me motivates me to go and I end up working on hw way sooner than I would have. Now that most people are quarantining though, you might have to meet up via FaceTime but that could still work. Feel free to message me on literally any time for help, I can explain concepts or walk through something with you. Girls are strong and we contribute great things to this field so don’t give up if there’s any part of CS that speaks out to you :)!"
