created_utc,subreddit,body
1593414747,mentalhealth,no
1593690776,mentalhealth,Honestly thanks for this distraction. I’m currently having a bad night and am convinced that everyone in my life secretly hates me and finds me annoying.
1593408968,mentalhealth,How long do you wait before you start dating someone? If you’re dating someone after only knowing them a month then yeah I could see how that’d make you anxious
1593876470,mentalhealth,"Omg thatst amazing. I'm so glad ur doing better, keep up the good work, congrats :)."
1593802752,mentalhealth,Thanks so much! Makes a lotta sense now
1593886851,mentalhealth,"Thank you, your words mean a lot. I cried a little, while reading your comment."
1593648042,mentalhealth,"You of course have to get a professional opinion, but this potentially sounds like bipolar II territory."
1593503584,depression_help,"I can sympathize, I don't have a relationship but I lost my job recently and realized most people I know don't want me around, I also still live with my parents who I definitely can't talk to about any personal matters, what helps me get through it is knowing that opportunities are there if I want them, I live in a big city and can apply to lots of different jobs if I want (and I intend to start in the next week) and researching hobbies and things I can do to get myself out of the house if I want them helps remind me that it's a bigger world out there than just the people I know right this second and that if I choose to I can reinvent myself any time I want to, for some people it's scary but for me it's comforting just knowing that this isn't going to be the rest of my life and I can get back on the horse any time I feel ready to start trying again, sorry if this wasn't helpful, I'm still processing some stuff myself and my thought process isn't exactly concrete right now"
1593673310,depression_help,"𝓷𝓲𝓬𝓮 ☜(ﾟヮﾟ☜)
#Nice Leaderboard
**1.** `u/RepliesNice` at **10612 nices**

**2.** `u/AshamedReditor` at **7471 nices**

**3.** `u/Manan175` at **7108 nices**

**...**

**244246.** `u/hevvymetl` at **1 nice**

---

^(I) ^(AM) ^(A) ^(BOT) ^(|) ^(REPLY) ^(**!IGNORE**) ^(AND) ^(I) ^(WILL) ^(STOP) ^(REPLYING) ^(TO) ^(YOUR) ^(COMMENTS)"
1593666280,depression_help,"𝓷𝓲𝓬𝓮 ☜(ﾟヮﾟ☜)
#Nice Leaderboard
**1.** `u/RepliesNice` at **10609 nices**

**2.** `u/AshamedReditor` at **7471 nices**

**3.** `u/Manan175` at **7108 nices**

**...**

**32880.** `u/blackbananaman420` at **4 nices**

---

^(I) ^(AM) ^(A) ^(BOT) ^(|) ^(REPLY) ^(**!IGNORE**) ^(AND) ^(I) ^(WILL) ^(STOP) ^(REPLYING) ^(TO) ^(YOUR) ^(COMMENTS)"
1593601745,ADHD,"I do not tell coworkers, since I feel it could be used against me. There’s absolutely no need for them to know this about me. 
I do tell certain close family and friends since they basically figure it out and see me on the days I skip meds, and sometimes I want to explain the reason for a certain behavior."
1593385835,ADHD,Thanks!
1593724016,ADHD,I take it all back.
1593723995,ADHD,Gotcha. I TAKE IT ALL BACK! lol
1593723716,ADHD,It’s fine. I deserve the shade. I recognize the shade.
1593723274,ADHD,God save you if you have cream and sugar in there. Cesspool of bacteria.
1593723193,ADHD,"I took the day off on Friday. Then Saturday. Then Sunday. By Monday I was regretting all my life choices. 

Definitely think I would've benefited from just working like a short time on it, even if I did nothing else the rest of the day.

But if it works for you, go for it."
1593844833,ADHD,Honey no not at all. It's extremely common. I've seen similar posts to this w thousands of ppl agreeing. I personally do too. If you have to substitute for a lil pillow cuz other ppl are around that's alright too
1593658818,ADHD,My insurance lied about not paying for it and I didn't know it was free until my mom picked it up for me.
1593372804,ADHD,What are the two medications that work for it?
1593372680,ADHD,"some people have great success with it, others not so much. the side effects are pretty bad IMO but apparently they’re supposed to subside after a while. i’d give it a shot just because it’s effective 24/7 and there’s no perceptible ‘comedown’"
1593370656,ADHD,The more you know!
1593486631,ADHD,Yes i hate that
1593747102,ADHD,"I deffo had a deadline. Ended up doing it at the last minute, surprising no one. Shouldn't have taken days off, thinking I'd have time."
1593776475,ADHD,"No worries at all. Hope it was helpful.

I didn't use any specific materials. I've tried with daily planners and diaries and honestly it doesn't work and I end up feeling bad about failing yet another thing. That said I do have a whiteboard in my room that I put things that are buzzing around in my head or to do tasks that I'll forget and tick them off as I go along. Because it's always visible I don't have to make an effort to get it out there write on it and its also easy to erase so I don't obsess on failures etc.

I've installed a few apps on my phone that have to do lists but not sure how much I've actually used them tbf. I did get a second monitor and I used that for academic note taking which makes things a bit easier but I don't think that's adhd specific. I used pdfs where possible as I can search them rather than read through page after page to scan for key terms. Other things like putting my phone out of the way when working have helped me stay a bit more focused as has using these pomodoro timers that work by breaking my focus down into sessions followed by a rest.

I think it's important to take things slowly. Deal with things one way or another as they arise. So think can I resolve this now, if not make a note and revisit later. Just try and declutter your head. Don't expect success immediately and be kind to yourself by celebrating every small step you take towards getting things sorted. So at the end of the day don't think ""ah I didn't do this and that"" but think ""well today I got this done and I got that done and now I'm ready to move on"". I think this helped me avoid the depression and anxiety that I used to get from overthinking."
1593837013,ADHD,"Reading's awesome. Wish I had time to do it more. And of course, I would have time to do it more if I weren't so busy procrastinating on what I should be doing."
1593811736,ADHD,"yea, it's so weird how stims affect us lol

of course! I'm on vyvanse right now and honestly it's the sole stimulant that has worked for me. it has a lot less side effects and helps me stay awake. I've tried the ritalin + concerta combo and that just made me really tired, and adderall was too strong for me. so vyvanse has definitely been a nice change. 

if concerta doesnt work, I reccomend looking into vyvanse! it is a bit pricier than the others tho (I have to pay $35 copay compared to $10) but they have a program [here](https://www.reddit.com/r/ADHD/comments/cfe7h3/for_those_who_cant_get_coverage_for_vyvanse_shire/?utm_medium=android_app&amp;utm_source=share) where they cover the cost if you qualify. (sorry for the ramble!!)"
1593809823,ADHD,"it sucks because there isn’t a 100% sure way to know if you have it. you can get all the testing in the world done but ultimately it’s up to the psychiatrist to make the final call. 

my psychiatrist claimed my neuropsychological assessment results were invalid because she’s “never had that testing come back negative”. i tried to say that the only people willing to pay $$$ for the full assessment are the ones who truly have it, and the drug seekers would just buy street drugs instead. 

she’s reluctantly put me on a dose so low that the pharmacy has to special order it which will take a week to be filled. fml and sorry for oversharing"
1593809817,ADHD,"I went up pretty high on concerta and it made me feel really exhausted!! it didnt really help for focus since I was so sleepy, so keep a lookout."
1593894501,ADHD,"I have the same problem. It’s so easy to forget/ ignore conversations on it. I feel like an asshole when I do, but I just can’t get to it if I (even slightly) don’t feel like responding unfortunately."
1593337917,ADHD,"I dont have med experience, no.  I would never be able to function without noise cancelling gear! It can def be uncomfortable..especially when sleeping.. yet that discomfort it worth the relief it brings. I once tried on a fancy pair for construction at a home depot and they were like 100 percent cancelling! 
Noise cancelling headphones that squish into my ears and a device to play music is a necessity for me, for life. Unless I'm far from civilization and alone.
I have lived with one of my parents often in my life and we always squatted in commercial buildings so our neighbors were construction workers, metal workers, musicians, theater groups,    the sounds were so fucking constant and unbearable.  
I have also lived in the countryside where it's dead quiet. I am hoping that in your long term you can find a place to live that is more peaceful!"
1593792759,ADHD,time passes by so fast! like literally i was late to a meeting yesterday cause i just got sucked in  and i thought it had been five minutes but it was like 30
1593792455,ADHD,"YES and for audiobooks too!! Audiobook narrators are so slow, I usually have to listen at at least 1.75 speed 🙄 it IS really helpful when the narrator is a guy &amp; is doing girl voices though, they actually sound more feminine because of the faster/higher pitch 😂"
1593746384,ADHD,Perseveration is a great word.
1593745777,ADHD,"Nope, I deffo had work to do. But then I was like. Ehhh... I guess it's just not happening today. And that continued the next day and the next."
1593736292,ADHD,"I used to get a ""mystery box"" with a monthly issue of a horse magazine and it was AWESOME! Not sure if these still exist (try to go for a random box to keep things interesting), but you could order something similar if you reach a particularly hard goal. 

For smaller goals, you could try a normal goodie box (where you can see whats inside) based on what you accomplished. 

You could also treat yourself to a movie and junk night where you pick X many movies to rent/ watch and X many treats"
1593736203,ADHD,Any for sale? Down for an ADHD retreat on an island!
1593735461,ADHD,"And then you either forget that you finished the cup and are forced to stare at the cups bottom with the same level of disappointment as when your parents were lecturing you about drugs/ alcohol before you attended a party and asked if you had any questions and you asked if all dogs really go to heaven. And then its time for cup 2,4 or 6 since this cup robbed you of the experience of KNOWING you finished a cup. 

Or you forget that you still have about a third of a cup left, but since its not heavy like half a cup full and as such would signal that there is something in there, you wind up spilling it on yourself."
1593734324,ADHD,"Hey,

Not been in exactly the same boat but hopefully can offer some help.

I dropped out of two bachelors and extended the last one to its limit (if I took any longer it would've shifted me to the PT mode) due to depression and what in hindsight was probably ADHD (it was blamed on Autism at the time, which is partially true) I finished the course after five years (should've taken three) with about a 2.8/3.0 GPA and gained admission to a Masters programme that is currently ranked #5 in the world for academic reputation.

This is the UK so I'm not sure how different things are but what I did was approach the course convenor/co-ordinator, I emphasised my passion and even offered to join on probation. Discussed issues at length with her and she asked about broader evidence of my passion - so books I'd read and topics I knew stuff about. And then asked for an extended personal statement (there was a 1k one with the application but this could be up to 4k I think). I was offered a place a few days later and ended up graduating with the equivalent of a 3.9 GPA. So in that sense it is possible to turn things around and it's possible to get admission. 

In terms of strategy, I was lucky that the institution was very understanding and supportive. They provided mentoring and that sort of kept me on track because I knew I had someone to answer to. I was pretty open with my professors and I think they probably cut me some slack but I didn't actually need a lot of the adjustments (they offered stuff like private presentations rather than in front of the class etc). Some of the professors even opened up about their issues so that was great to know they'd struggled too but had made it. In hindsight if I'd been on medication and was aware of my adhd I would've probably done even better, I mean I know I got a good grade but it was extremely stressful and I made myself ill with stress at times due to only being able to work in the last few hours before the deadline on all but one paper. 

Since then I've earned another masters with another 3.9 GPA and this time I didn't get any support (I studied outside of the UK for this) so had to learn the hard way so speak. So I've learnt that whilst I get annoyed by being reminded of things I have to do but it's necessary. I try to break things down and give myself loads of time to work on stuff, I'm talking read an article a day but start two months before deadline etc. I try to incorporate academic stuff into the in between moments in life, like say I had finished gym (exercise helped my thinking process too) but had an hour before dinner or meeting with friends I'd try and look at a book or something in that time. Doing things this early also means you can be easier on yourself. Take a nap, a break, go for a walk when it gets too much. If your targets are small and incremental you don't have to worry about a break in your day as you'll find time somewhere. I also learnt to make the most of the focused moments and though this probably isn't healthy, to just write and study when I'm in the zone even if that's at night, but also to be firm if that's really not a good idea like when I had 8am class and my mind decides to work at 3am. But if it's just making notes on my phone (use something like Evernote that shares between the devices) when you get the idea it can help in a small way towards the bigger picture. 

I hope this helps and I wish you all the best. I know how frustrating it is to have grades that don't represent your actual ability and I'm sure you'll do the best you can given the chance."
1593732063,ADHD,"I'll ""watch"" a show/series, then watch it again and again and again. To have it on in the background. And occasionally I'll look up and see something that I've seen maybe 20 times, and realize I've never paid attention during that one part.

So, like, maybe just know you'll rewatch it, and not worry about missing parts."
1593729851,ADHD,"Ew. Milk in coffee seems pointless to me. It’s watery and only dilutes the coffee. But yes, big contributor."
1593807543,ADHD,I like imagining scenarios where I'm super human
1593890636,ADHD,"Hol up, minds can be silent!?!?"
1593888726,ADHD,You gotta name the alarms
1593330359,ADHD,"I'm so sorry u are suffering. That sensory overload can be hell. I have been trapped in places like that. The only hope is noise cancelling headphones. To play any music or recordings of natural things like rain or waves ect.  Beyond that, the ear protection that people wear while shooting guns or doing construction work are wonderful! Good luck"
1593643208,ADHD,"Because we are ADHD.

Here is a work around - instead of writing a 3,000 word essay, write an outline:

* Introduction
* Argument 1
* Argument 2
* Argument 3
* Conclusion/closing

for each, write a bit. Mostly I write the idea of the thesis statement, something that will serve as the basis for the next time I write it.

I cycle through them and build them individually. I do not write the beginning or the end sentence for any of them, instead I write those at the very end. 

It helps in not having a big task, you have many small ones. The first being writing a sentence/idea of each of the 5 elements. Starts with that, maybe it will help make your brain start moving."
1593816395,ADHD,"Are you for real?
I have an eyebrow slit lol"
1593815551,ADHD,"There are other non-stimulant medications you can try, such as Strattera and Wellbutrin. Talk with your doctor."
1593679569,ADHD,this sounds like r/narcolepsy. check out their sub
1593742194,ADHD,You can find some online or through your local gym (obvo be COVID safe).
1593711743,ADHD,"Before long, I'd resort to tossing my phone out the window."
1593699034,ADHD,Do you know about filters? I cut my unread emails by 90% by managing email settings and adding filters. Now I mark all as read when I get to 250 unread emails instead of 2500
1593799389,ADHD,"not sure if this has been suggested yet, but I highly recommend Habitica! it's a todo app that gamifies tasks"
1593804284,ADHD,"Oh. Thank you for this term. I was unaware of this, but this describes a lot of the symptoms I experience."
1593605271,ADHD,Waterpik or Oral B Glide Pro-Health floss. The only two things that are comfortable between my tight teeth!
1593604960,ADHD,"I was a professional writing major, so I spent my entire college career writing essays lol. My #1 writing strategy is to just open a Word doc and type anything that comes to mind. Don’t worry about what you write at all. This was KEY. Clean up comes later. Review the assignment and materials ahead of time and then just go for it. Honestly, it was kind of relaxing... I could sit in my favorite study spot and type like 20 pages in an hour. Having no pressure to focus allowed my thoughts to flow more freely and actually be more focused in the end. 

I’d end up with pages and pages of good content mixed with some garbage and irrelevant thoughts. Full sentences, phrases, bulleted lists, a screen snip of something relevant, etc. 

Then I’d revisit the document after a break. Editing was SO much less overwhelming to me than sitting and forcing myself to focus. And usually this brain dump method ended up revealing some really good points- points I would have over-thought and never written down if I forced focus. But this way, all the ideas were there. It was more manageable for me to pick out one good idea at a time, then elaborate and build part of the essay around it. Then organize them all into a great essay. You could even start with a basic outline and do this method section by section if you prefer more structure from the start. 

Some might say this method is a waste of time, but I was so much more productive because it worked with my behaviors rather than spending hours fighting against them. Now I am a technical writer and this method is essentially what my entire career is based on lol. (Taking a messy compilation of difficult to understand content, cutting it down, organizing, and simplifying it for the layman.)"
1593887513,ADHD,Wow I'm jelly haha. I made it 9 in Japanese before I forgot to do a lesson and took a big hit to my motivation
1593632779,ADHD,"I'm just the opposite! Though the last thing I've usually sent them is ""ok"" or a thumbs up."
1593862921,ADHD,"absolutely not!!! I sleep with a stuffed cow every night. i really started sleeping with stuffed animals again after going away to college and human contact / intimacy (like hugs and stuff like that) was a lot harder to come by. 

I love my cow because she is microwavable and smells like lavender!! I highly recommend Warmies if heat + aromatherapy is your thing (,:"
1593813873,ADHD,"I can relate to this. I'll get emails during the day that stress me out. What's worked for me; Stopped checking emails during the day.

Can you ignore your phone during the day, and only look at it at 6pm, say? Tell your friends you won't check texts while you're at work. Then if your friend needs a favor, and you want to do the favor, you can schedule it, write it in your calendar, and then not have to worry about remembering it. If you need to check texts for work, maybe get a second phone for work only, or have work email you only, or whatever makes sense."
1593737838,ADHD,I heard that thyroid issues can lead to symptoms similar to ADHD. I'm hoping to get that checked out myself.
1593737720,ADHD,"Can you get an exercise buddy? I hate exercising, but I'm thinking maybe if I go for a walk with a friend it won't seem so onerous."
1593737399,ADHD,"I know you need to be writing for work.

But.

Can we see a vid of this nacho song?"
1593708691,ADHD,"i do that. at least for me it's easier to block out music because it's a constant, where other sounds happen inconsistently and that really distracts me."
1593707815,ADHD,"Top notch friend, for sure. Well done for her being a good friend like that, it is super accepting :)"
1593860547,ADHD,My Brain keeps me busy doing absolutely nothing but thinking
1593483150,Anger,"I have never been married but I have seen it in my parents. Maybe you should consider therapy to learn some anger management techniques or just someone to talk out whatever it is that ultimately bothers you. Do not stress, things like this are temporary because you must have loved your wife at some point. You might be subconsciously honing in on something that stresses you to the point of aggression. But for the sake of your child, speaking as a child that saw intense conflict between her parents, fix this before it becomes a permanent memory for your daughter. Which I’m glad you are taking into consideration on your own."
1593486754,Anger,"Its a lose lose situation. So the question is, where will it go from here? How can we lessen the divide in this country when people won't even sit down and talk? Idk about you, but I don't think things will get any better any time soon."
1593485716,Anger,"Thats reddit for you. Just an angry mob without any real purpose. I've seen doxing, death threats, and flat out ignorance in the face of evidence. They do not want to have a conversation, they want it their way or else. It blows my mind how racist some of these ""anti-racists"" are. For a group thats preaches tolerance, they're the most intolerant bunch of people I've ever met. And I've met actual fucking racists."
1593883208,alcoholism,I second this. It has helped me so much
1593883153,alcoholism,"Damn, it is like your soul reentered your body in the past 165 days. I can see your spirit present in your eyes now. You've already come so far, I believe in you. IWNDWYT"
1593792395,alcoholism,"𝓷𝓲𝓬𝓮 ☜(ﾟヮﾟ☜)
#Nice Leaderboard
**1.** `u/RepliesNice` at **10717 nices**

**2.** `u/AshamedReditor` at **8483 nices**

**3.** `u/Manan175` at **7108 nices**

**...**

**46044.** `u/Danoldo` at **3 nices**

---

^(I) ^(AM) ^(A) ^(BOT) ^(|) ^(REPLY) ^(**!IGNORE**) ^(AND) ^(I) ^(WILL) ^(STOP) ^(REPLYING) ^(TO) ^(YOUR) ^(COMMENTS)"
1593632259,OCD,"I’m so sorry you’re feeling that way. I feel the same way too sometimes. This may not be the advice you’re looking for but I think it’s important to give yourself a break and remember the facts.
If you’re not sure if you did something wrong, there is nothing factual to worry about. If someone comes to you and tells you you did something wrong, apologize and move forward with that. Otherwise it’s just worrying over something you can’t nail down which I know is agonizing.
Sorry that’s not the most helpful but here to vent to if you need someone!"
1593631806,OCD,"Yes this happens to me too! It helped me to give myself a “treat yo self” routine of sorts.

If I’m crampy and want food, I let myself lay in bed and order a good meal. What works best for me is a routine where I go to the bathroom and put on my created “GOOD morning” playlist of songs that always lift my spirits, wash my face, brush my teeth, floss, put on a face mask or other soothing feeling treatment you like, getting a glass of my favorite juice or coffee, and sit with the mask on relaxing to music, a book, a new show, or a silly YouTube video (recommend cats and other internet silliness). Then I feel productive but it forces me to sit and relax for at least 30 minutes because I can’t go anywhere with the mask on. 

TL;DR:
Happens to me too! The above routine works for me but I think any small routine of self care that you can do at any time of day might be helpful! It doesn’t lift my spirits every time but I always come out of it glad I tried which is all you can do :) I hope that’s a little helpful

Birth control:
Also it was much worse for me on birth control pills but is now a lot better on IUD."
1593631058,OCD,"Amazing progress! Thank you for sharing! Proud of you, human :)"
1593800078,ptsd,"This is called hyperarousal and is 100% normal.

[https://www.verywellmind.com/hyperarousal-2797362](https://www.verywellmind.com/hyperarousal-2797362)"
1593545066,ptsd,"I'm not currently, it's been hard to find places that are open/operating at full hours during lockdown"
1593330989,ucf,"essentially zero. Florida’s board of governors approved UCF’s plan to have students back on campus, and judging on how leadership is handling the virus so far, they won’t play it safe. 

UCF is a state school so they have to listen to what the state government wants."
1593310370,ucf,Agree
1593482180,ucf,they are planning on going online after Thanksgiving break and no refunds will be given.
1593535942,ucf,how about rat man
1593592527,ucf,"all the time, even when it’s raining outside and it feels like i’m getting low-grade waterboarded"
1593592348,ucf,that’s a great idea but the ncaa rules are rules.
1593584000,ucf,i would jump on this too but i’m not sure if it’s safe considering the virus
1593575789,ucf,"they regularly sell out the field cabanas which is $396,000, i’m sure a lazy river annual pass will sell out too."
1593570045,ucf,"you do realize they will sell $2,500 passes that will generate $625,000 per year?"
1593372243,ucf,"you’re right about them saying it’ll be a rough hurricane season every year, but i don’t want us to neglect true danger if it’s a ‘boy who cried wolf’ kind of situation."
1593446341,ucf,how’d you get your portal information? i was tested thursday and they never told me anything on how to log in.
1593501329,ucf,"𝓷𝓲𝓬𝓮 ☜(ﾟヮﾟ☜)
#Nice Leaderboard
**1.** `u/RepliesNice` at **10483 nices**

**2.** `u/AshamedReditor` at **7469 nices**

**3.** `u/Manan175` at **7108 nices**

**...**

**1138.** `u/nokenito` at **86 nices**

---

^(I) ^(AM) ^(A) ^(BOT) ^(|) ^(REPLY) ^(**!IGNORE**) ^(AND) ^(I) ^(WILL) ^(STOP) ^(REPLYING) ^(TO) ^(YOUR) ^(COMMENTS)"
1593501301,ucf,Nice!
1593500525,ucf,Why would you go into hospitality management? Hasntntyebpandemic shown you that you cannot base your career on something thisbfragile.
1593495399,ucf,"yep, i’ll be staying lol"
1593566955,ucf,"- The lazy river is completely funded by a private donation that could only be used for the river. If the river isn’t built the money doesn’t go anywhere else. 

- They have considered expanding the stadium seating *before* the pandemic hit, but UCF Athletics as a whole is on a spending freeze with an exception for covid-related expenses. Department budgets are being heavily slashed so I seriously doubt they are still moving forward with a stadium expansion. 

source: i’m a student athlete who has talked with UCFAA staff, as well as the AD himself."
1593618891,ucf,they were supposed to roll out a mandatory symptom self-check app to employees today but it’s been pushed back to the 6th. it seems everything is delayed
1593665351,ucf,"𝓷𝓲𝓬𝓮 ☜(ﾟヮﾟ☜)
#Nice Leaderboard
**1.** `u/RepliesNice` at **10608 nices**

**2.** `u/AshamedReditor` at **7471 nices**

**3.** `u/Manan175` at **7108 nices**

**...**

**244188.** `u/einoell` at **1 nice**

---

^(I) ^(AM) ^(A) ^(BOT) ^(|) ^(REPLY) ^(**!IGNORE**) ^(AND) ^(I) ^(WILL) ^(STOP) ^(REPLYING) ^(TO) ^(YOUR) ^(COMMENTS)"
1593547139,ucf,"I know Addition Financial has fee-free conversion but you have to be a member. Also i’m not sure if they still offer it due to the virus, as their machines are inside the branch offices. 

If you roll them in the paper tubes i’m sure any bank would take them as a normal deposit."
1593891762,ryerson,"𝓷𝓲𝓬𝓮 ☜(ﾟヮﾟ☜)
#Nice Leaderboard
**1.** `u/RepliesNice` at **10798 nices**

**2.** `u/AshamedReditor` at **8947 nices**

**3.** `u/Manan175` at **7108 nices**

**...**

**27.** `u/Badpythonbot` at **1992 nices**

---

^(I) ^(AM) ^(A) ^(BOT) ^(|) ^(REPLY) ^(**!IGNORE**) ^(AND) ^(I) ^(WILL) ^(STOP) ^(REPLYING) ^(TO) ^(YOUR) ^(COMMENTS)"
1593415903,ucla,"If you are engineering/ computer science, I would have said Berkeley. Since you are in the life sciences, I say either. If you want to find research at UCLA, you def can and so many professors/ faculty here are doing amazing things. I had the same choice and chose UCLA for its energy and community. Both schools have equal prestige (UCLA has recently been passing UCB in what I have seen in admission/ stats). In the end, you should choose the school you see yourself fitting into best and the one you are able to do the most in."
1593548437,ucla,"All the time, friend."
1593543625,USC,I meant to say that there is no evidence and no violation committed.
1593541324,USC,It was a DPS/LAPD raid.
1593491954,USC,"Honestly, I don't think anything I do outside of actual legal action will affect the outcome of the case. I have to write an essay on ethics (kind of ironic) and I'm on ""disciplinary probation,"" whatever that means."
1593491881,USC,They saw me outside of Banditos AFTER they had busted in and assumed I was inside at some point and got in using a fake ID.
1593651002,USC,"Yeah, I've seen those accounts for sure. There's a lot of horrible, racially charged things that happen. I think that things like what's shared on that profile are going to happen regardless of which university one chooses, although it may happen at some more than others.

I haven't been a part of greek life, so I'm speaking from a different perspective where all of my friends at USC come from different backgrounds and are accepting and supportive regardless of ethnicity or sexual identity."
1593753140,USC,"Tbh it's nearly a crime that none of these schools are reducing tuition. We don't have access to most of the resources that are likely factored into our tuition, and maintenance/housekeeping for campus buildings is gonna be reduced by a lot."
1593788871,USC,"I'm not talking about what they should do in regards to a monetary decision; reducing tuition is the right thing to do. If a business can't provide the same service they can at full capacity, reduce the cost or provide more resources."
1593639549,USC,"Yeah haha, all good. There is an ""other"" category, which I'm guessing is an amalgamation of ethnicities + anyone who didn't want to say their ethnicity/race."
1593638742,USC,[71% non-caucasian/white last year](https://about.usc.edu/facts/)
1593636185,USC,No. I've never had one.
1593632281,USC,"""fairly,"" meaning about the same as most of the other schools in LA. Check stats for UCLA, CSUN, CSULB, etc. 

Diversity isn't just black students either, approximately 70% of USC students are non-white.

Furthermore, diversity shouldn't just be limited to skin color, although that's what this specific conversation is about."
1593485077,USC,"Low income student, can barely afford my housing and I have tuition fully covered."
1593625634,USC,"Don't think that just because things are coming out about this happening at USC that it doesn't happen just as much or more at other universities.

That said, USC is fairly diverse and very welcoming to people regardless of ethnicity. A few bad people don't represent the entirety of the school."
1593662385,UCSC,That makes me feel a lot better because I heard those exams were really hard. Thank you
1593659536,UCSC,"𝓷𝓲𝓬𝓮 ☜(ﾟヮﾟ☜)
#Nice Leaderboard
**1.** `u/RepliesNice` at **10607 nices**

**2.** `u/AshamedReditor` at **7471 nices**

**3.** `u/Manan175` at **7108 nices**

**...**

**244151.** `u/brainSTEM2` at **1 nice**

---

^(I) ^(AM) ^(A) ^(BOT) ^(|) ^(REPLY) ^(**!IGNORE**) ^(AND) ^(I) ^(WILL) ^(STOP) ^(REPLYING) ^(TO) ^(YOUR) ^(COMMENTS)"
1593655696,UCSC,You should see the UCLA portal. It’s so difficult to navigate.
1593636840,UCSC,Thanks again. Bryan Holbrook is teaching it so hopefully he’s really good :)
1593635510,UCSC,Thanks so much! I’m feeling a little better about it now
1593894440,UCSC,"𝓷𝓲𝓬𝓮 ☜(ﾟヮﾟ☜)
#Nice Leaderboard
**1.** `u/RepliesNice` at **10802 nices**

**2.** `u/AshamedReditor` at **8947 nices**

**3.** `u/Manan175` at **7108 nices**

**...**

**243850.** `u/BigBoy1134` at **1 nice**

---

^(I) ^(AM) ^(A) ^(BOT) ^(|) ^(REPLY) ^(**!IGNORE**) ^(AND) ^(I) ^(WILL) ^(STOP) ^(REPLYING) ^(TO) ^(YOUR) ^(COMMENTS)"
1593893774,UCSC,"𝓷𝓲𝓬𝓮 ☜(ﾟヮﾟ☜)
#Nice Leaderboard
**1.** `u/RepliesNice` at **10800 nices**

**2.** `u/AshamedReditor` at **8947 nices**

**3.** `u/Manan175` at **7108 nices**

**...**

**243798.** `u/sleepingpirates` at **1 nice**

---

^(I) ^(AM) ^(A) ^(BOT) ^(|) ^(REPLY) ^(**!IGNORE**) ^(AND) ^(I) ^(WILL) ^(STOP) ^(REPLYING) ^(TO) ^(YOUR) ^(COMMENTS)"
1593891561,UCSC,"𝓷𝓲𝓬𝓮 ☜(ﾟヮﾟ☜)
#Nice Leaderboard
**1.** `u/RepliesNice` at **10798 nices**

**2.** `u/AshamedReditor` at **8947 nices**

**3.** `u/Manan175` at **7108 nices**

**...**

**243871.** `u/TheFilosophersStoned` at **1 nice**

---

^(I) ^(AM) ^(A) ^(BOT) ^(|) ^(REPLY) ^(**!IGNORE**) ^(AND) ^(I) ^(WILL) ^(STOP) ^(REPLYING) ^(TO) ^(YOUR) ^(COMMENTS)"
1593891496,UCSC,"𝓷𝓲𝓬𝓮 ☜(ﾟヮﾟ☜)
#Nice Leaderboard
**1.** `u/RepliesNice` at **10798 nices**

**2.** `u/AshamedReditor` at **8947 nices**

**3.** `u/Manan175` at **7108 nices**



---

^(I) ^(AM) ^(A) ^(BOT) ^(|) ^(REPLY) ^(**!IGNORE**) ^(AND) ^(I) ^(WILL) ^(STOP) ^(REPLYING) ^(TO) ^(YOUR) ^(COMMENTS)"
1593891486,UCSC,"𝓷𝓲𝓬𝓮 ☜(ﾟヮﾟ☜)
#Nice Leaderboard
**1.** `u/RepliesNice` at **10797 nices**

**2.** `u/AshamedReditor` at **8947 nices**

**3.** `u/Manan175` at **7108 nices**

**...**

**243866.** `u/RaulSlug` at **1 nice**

---

^(I) ^(AM) ^(A) ^(BOT) ^(|) ^(REPLY) ^(**!IGNORE**) ^(AND) ^(I) ^(WILL) ^(STOP) ^(REPLYING) ^(TO) ^(YOUR) ^(COMMENTS)"
1593888078,UCSC,"𝓷𝓲𝓬𝓮 ☜(ﾟヮﾟ☜)
#Nice Leaderboard
**1.** `u/RepliesNice` at **10795 nices**

**2.** `u/AshamedReditor` at **8947 nices**

**3.** `u/Manan175` at **7108 nices**

**...**

**78.** `u/Badpythonbot` at **917 nices**

---

^(I) ^(AM) ^(A) ^(BOT) ^(|) ^(REPLY) ^(**!IGNORE**) ^(AND) ^(I) ^(WILL) ^(STOP) ^(REPLYING) ^(TO) ^(YOUR) ^(COMMENTS)"
1593408809,UCSC,Porter pizza was the first time I ever ate pizza with a bad after taste. A pizza has to be so shitty for it to have a bad after taste
1593667049,UCSC,"𝓷𝓲𝓬𝓮 ☜(ﾟヮﾟ☜)
#Nice Leaderboard
**1.** `u/RepliesNice` at **10609 nices**

**2.** `u/AshamedReditor` at **7471 nices**

**3.** `u/Manan175` at **7108 nices**

**...**

**244228.** `u/Acai31` at **1 nice**

---

^(I) ^(AM) ^(A) ^(BOT) ^(|) ^(REPLY) ^(**!IGNORE**) ^(AND) ^(I) ^(WILL) ^(STOP) ^(REPLYING) ^(TO) ^(YOUR) ^(COMMENTS)"
1593575623,McMaster,"𝓷𝓲𝓬𝓮 ☜(ﾟヮﾟ☜)
#Nice Leaderboard
**1.** `u/RepliesNice` at **10545 nices**

**2.** `u/AshamedReditor` at **7469 nices**

**3.** `u/Manan175` at **7108 nices**

**...**

**245732.** `u/DrEJEckleburg` at **1 nice**

---

^(I) ^(AM) ^(A) ^(BOT) ^(|) ^(REPLY) ^(**!IGNORE**) ^(AND) ^(I) ^(WILL) ^(STOP) ^(REPLYING) ^(TO) ^(YOUR) ^(COMMENTS)"
1593736012,McMaster,Better drop out. The courses do nothing.
1593735799,McMaster,I know this. I wanted to give them some hope.
1593735663,McMaster,Econ. Use it to get a job.
1593569320,stanford,"That being said, for a CS program you generally don't need anything high power. As long as you can run a text editor and connect to the internet, you're probably good to go. (If you wanna get really extreme, maybe try using a raspberry pi? haha)"
1593569188,stanford,"Mac has nice UX but the hardware isn't great for the price. If you have the budget for a Mac, I'd instead recommend the laptop I bought -- a Lenovo Yoga. Got it a few years ago when I graduated undergrad and installed Linux on it and have loved every moment of it. 

4k touchscreen + dedicated graphics card. Good enough to play most of my favorite games at 4k 60fps with modest settings (though, notably most of my favorite games are from ~2010). Recent models are even better. Folds into a tablet which is good for art stuff in conjunction with a pen. Aluminum frame keeps it solid. Good battery life. Significantly better specs than most of the other laptops in the same price range."
1593806360,stanford,"honestly, enjoy your summer!! the summer before my freshman year was probably the best I've felt after hs because everything is new and exciting and I finally felt like I could breathe after overworking myself in high school. stanford is really tough and challenging, so i dont think there is anything wrong with taking a mental break."
1593795356,stanford,"math 21, cs 106a, an introsem, and frosh 101. it was a pretty light quarter which was good for me because the transition was a lot more difficult than i personally thought it would be"
1593306288,ASU,"𝓷𝓲𝓬𝓮 ☜(ﾟヮﾟ☜)
#Nice Leaderboard
**1.** `u/RepliesNice` at **10327 nices**

**2.** `u/Manan175` at **7108 nices**

**3.** `u/DOCTORDICK8` at **7101 nices**

**...**

**245954.** `u/Running_Is_Life` at **1 nice**

---

^(I) ^(AM) ^(A) ^(BOT) ^(|) ^(REPLY) ^(**!IGNORE**) ^(AND) ^(I) ^(WILL) ^(STOP) ^(REPLYING) ^(TO) ^(YOUR) ^(COMMENTS)"
1593844587,ASU,"I believe folks profiles show how many times they have  said yes and also have reviews from those guests. 
I feel like even if it's a really percent chance they will say yes,  there is no harm in going for it."
1593822510,ASU,Check out couchsurfing.com for free places to stay
1593877842,mcgill,"First of all, you did the right thing by reaching out to get help. Its not selfish at all. I understand how you feel, Mcill is a very stressful place. After all there is a reason why its the university with the biggest rates of depression &amp;anxiety in North American. Your not alone, 1 in 5 Mcgill students thinks about committing suicide during their academic career. How you feel is totally normal. There is nothing wrong about not being able to handle the pressure and I guarantee that many people feel the way they do. I have been at McGill for two years now and I understand the pressure that you feel. I'm always stressing about my grades, grad school, networking, etc. 
You didn't ruin your life. You only just finished your first year, you have time chanijg your major if you want to or even rethink McGill completely. I think what you should do now is reach out for help.
There are a few ways you can get help at Mcgill:
-meet with a counselor at the Student Wellness Hub (the Wellness Hub offers a lot of services you should check out their websote)
-meet with a local wellness advisor (each faculty has one, the arts one, Ms. Brunetti is super sweet) 
-there's peer support groups 
-stress &amp; anxiety related workshops

After getting help, I think you should take the time to think about waht you want. You should decide if you want to change your major or even change schools. Maybe even take the Fall semester off (its going to be online so you won't get the full college experience anyways). I think you should do what's best for your mental and physical health. Your young, you have time to rethink your life and choose a different path. If you choose to take a different path, nothing bad will happen. Whatever happens, going to McGill won't be a waste cuz you learned more about yourself and what you can handle. 
If you ever need someone to talk to message me :)"
1593559678,Pitt,They also sell it at Walmart. It’s generic and called “Chicken Sauce” I think lol.
1593626901,Pitt,"I absolutely hate it, the mobile interface is annoying as hell. Just as bad as the coursework interface 😒"
1593881820,Pitt,"Just saw a post on r/COVID19positive about someone's 22 year old cousin who died of a heart attack. They're pretty sure she had asymptomatic COVID because now their uncle (who lived with their cousin) is the the hospital with pneumonia because of it. 

Even asymptomatic cases might to organ damage or stroke. So you might get it and feel fine but inside...you're not. We don't know enough yet to say for sure what is going on with asymptomatic cases but scans are [showing lung damage like the damage seen in symptomatic cases](https://elemental.medium.com/even-if-youre-asymptomatic-the-coronavirus-can-do-damage-4ab22451161a). We don't know the long term effects on people's organ systems from infection yet. Having a blasé attitude towards this virus if you're young or haven't shown any symptoms is very short-sighted."
1593310041,rutgers,"𝓷𝓲𝓬𝓮 ☜(ﾟヮﾟ☜)
#Nice Leaderboard
**1.** `u/RepliesNice` at **10328 nices**

**2.** `u/Manan175` at **7108 nices**

**3.** `u/DOCTORDICK8` at **7101 nices**

**...**

**245998.** `u/FakeDoctor96` at **1 nice**

---

^(I) ^(AM) ^(A) ^(BOT) ^(|) ^(REPLY) ^(**!IGNORE**) ^(AND) ^(I) ^(WILL) ^(STOP) ^(REPLYING) ^(TO) ^(YOUR) ^(COMMENTS)"
1593528258,rutgers,"𝓷𝓲𝓬𝓮 ☜(ﾟヮﾟ☜)
#Nice Leaderboard
**1.** `u/RepliesNice` at **10504 nices**

**2.** `u/AshamedReditor` at **7469 nices**

**3.** `u/Manan175` at **7108 nices**

**...**

**246093.** `u/BigTipCuddy` at **1 nice**

---

^(I) ^(AM) ^(A) ^(BOT) ^(|) ^(REPLY) ^(**!IGNORE**) ^(AND) ^(I) ^(WILL) ^(STOP) ^(REPLYING) ^(TO) ^(YOUR) ^(COMMENTS)"
1593632540,rutgers,South Brunswick is quite accurate
1593550401,rutgers,"𝓷𝓲𝓬𝓮 ☜(ﾟヮﾟ☜)
#Nice Leaderboard
**1.** `u/RepliesNice` at **10523 nices**

**2.** `u/AshamedReditor` at **7469 nices**

**3.** `u/Manan175` at **7108 nices**

**...**

**245696.** `u/datasquid` at **1 nice**

---

^(I) ^(AM) ^(A) ^(BOT) ^(|) ^(REPLY) ^(**!IGNORE**) ^(AND) ^(I) ^(WILL) ^(STOP) ^(REPLYING) ^(TO) ^(YOUR) ^(COMMENTS)"
1593793116,ufl,@xatero what you’re talking about is classified more as what’s called a bear if you wanted to know what the term was :)
1593737022,uofm,"𝓷𝓲𝓬𝓮 ☜(ﾟヮﾟ☜)
#Nice Leaderboard
**1.** `u/RepliesNice` at **10654 nices**

**2.** `u/AshamedReditor` at **7742 nices**

**3.** `u/Manan175` at **7108 nices**

**...**

**243891.** `u/Asclkose` at **1 nice**

---

^(I) ^(AM) ^(A) ^(BOT) ^(|) ^(REPLY) ^(**!IGNORE**) ^(AND) ^(I) ^(WILL) ^(STOP) ^(REPLYING) ^(TO) ^(YOUR) ^(COMMENTS)"
1593500387,uwo,ok
1593489408,uwo,Not everyone can afford to live in luxury while attending college. Goodluck finding someone who has tho.
1593565483,uwo,"TIL!

Thank you for sharing the information. My grade jumped by a lot from high-school, but I am a slightly older student so there are more elements that come into it."
1593563217,uwo,"So the average for all 1,000 level courses is also something like that? Isn't it just a bit low? I would have guessed a 70-75 average (which is not much of a difference really)"
1593550156,uwo,The average for first year courses is 65-70? Where can I find this information about a specific year? I couldn't find it anywhere using Google and site restriction (site: uwo.ca)
1593893546,uwo,"It is pretty much what it sounds - anything but the departments mentioned. I would confirm with science counseling it to be 100% sure.

For the second question, it is exactly the same, but take into account every part separately, examples:

&gt;  **1.0 additional course** in Computer Science at the 4000 level.

any course not already otherwise taken for this module, in CS, numbered 4000 or more.

&gt; **0.5 course**: [Computer Science 4490Z](https://www.westerncalendar.uwo.ca/Courses.cfm?CourseAcadCalendarID=MAIN_012180_1&amp;SelectedCalendar=Live&amp;ArchiveID=). 

Specifically this one course.

&gt; **1.0 additional course** in Computer Science at the 3000 level or above. 

any course not already otherwise taken for this module, in CS, numbered 3000 or more.

&gt; **1.0 course** from: Computer Science courses at the  3000-level or above; courses at the 2100 level or above in Applied  Mathematics, Calculus, Mathematics, Statistical Sciences; courses  numbered 2200 or above in Writing; [Applied Mathematics 2402A](https://www.westerncalendar.uwo.ca/Courses.cfm?CourseAcadCalendarID=MAIN_022955_1&amp;SelectedCalendar=Live&amp;ArchiveID=) or the former Differential Equations 2402A, [Philosophy 2720F/G](https://www.westerncalendar.uwo.ca/Courses.cfm?CourseAcadCalendarID=MAIN_016731_1&amp;SelectedCalendar=Live&amp;ArchiveID=). 

Complete a total of 1.0 course credits in any combination of courses from the options listed."
1593891042,uwo,"I am home now and can have a proper look, which I couldn't have done before:

That's correct, you can't count the same course twice as the HSP-CS and M-SE have enough wiggle room between them.

The two modules for reference:

1. [HONOURS SPECIALIZATION IN COMPUTER SCIENCE](https://www.westerncalendar.uwo.ca/Modules.cfm?ModuleID=21123&amp;SelectedCalendar=Live&amp;ArchiveID=)
2. [MINOR IN SOFTWARE ENGINEERING](https://www.westerncalendar.uwo.ca/Modules.cfm?ModuleID=21114&amp;SelectedCalendar=Live&amp;ArchiveID=)

&amp;#x200B;

Things to keep in mind:

From HSP-CS:

&gt;Students completing this Honours Specialization must include at least  5.0 courses offered by departments other than Computer Science, Applied  Mathematics, Mathematics, and Statistical and Actuarial Sciences in  order to graduate. 

From M-SE:

&gt; **1.0 course** from: Computer Science courses at the  3000-level or above; courses at the 2100 level or above in Applied  Mathematics, Calculus, Mathematics, Statistical Sciences; courses  numbered 2200 or above in Writing; [Applied Mathematics 2402A](https://www.westerncalendar.uwo.ca/Courses.cfm?CourseAcadCalendarID=MAIN_022955_1&amp;SelectedCalendar=Live&amp;ArchiveID=) or the former Differential Equations 2402A, [Philosophy 2720F/G](https://www.westerncalendar.uwo.ca/Courses.cfm?CourseAcadCalendarID=MAIN_016731_1&amp;SelectedCalendar=Live&amp;ArchiveID=). 

If you are short on the 5.0, you can use this 1.0 component to offset at least some of the needed 5.0 credits you have left, it will be either Philosophy 2720F/G, or a writing course at the 2200+ level.

&amp;#x200B;

Also keep in mind you need to do  [Computer Science 4470Y](https://www.westerncalendar.uwo.ca/Courses.cfm?CourseAcadCalendarID=MAIN_013690_1&amp;SelectedCalendar=Live&amp;ArchiveID=) instead of  [Computer Science 4490Z](https://www.westerncalendar.uwo.ca/Courses.cfm?CourseAcadCalendarID=MAIN_012180_1&amp;SelectedCalendar=Live&amp;ArchiveID=), and replace the latter with another CS 4,000+ course.

&amp;#x200B;

I hope this helped, I'll be happy to help further if you need anything."
1593883304,uwo,"I heard that it was 0, I'll check my information."
1593883270,uwo,"From what i know, they cannot overlap, if you've taken something for one, it can't be counted for the other, including antirequisites."
1593354924,UMD,There is already a staff union: https://www.afscmemd.org/council-3-updates-1
1593641149,UMD,"𝓷𝓲𝓬𝓮 ☜(ﾟヮﾟ☜)
#Nice Leaderboard
**1.** `u/RepliesNice` at **10588 nices**

**2.** `u/AshamedReditor` at **7471 nices**

**3.** `u/Manan175` at **7108 nices**

**...**

**244569.** `u/sandcoughin` at **1 nice**

---

^(I) ^(AM) ^(A) ^(BOT) ^(|) ^(REPLY) ^(**!IGNORE**) ^(AND) ^(I) ^(WILL) ^(STOP) ^(REPLYING) ^(TO) ^(YOUR) ^(COMMENTS)"
1593885226,UMD,"𝓷𝓲𝓬𝓮 ☜(ﾟヮﾟ☜)
#Nice Leaderboard
**1.** `u/RepliesNice` at **10794 nices**

**2.** `u/AshamedReditor` at **8947 nices**

**3.** `u/Manan175` at **7108 nices**

**...**

**1179.** `u/Badpythonbot` at **86 nices**

---

^(I) ^(AM) ^(A) ^(BOT) ^(|) ^(REPLY) ^(**!IGNORE**) ^(AND) ^(I) ^(WILL) ^(STOP) ^(REPLYING) ^(TO) ^(YOUR) ^(COMMENTS)"
1593483456,UMD,"𝓷𝓲𝓬𝓮 ☜(ﾟヮﾟ☜)
#Nice Leaderboard
**1.** `u/RepliesNice` at **10474 nices**

**2.** `u/AshamedReditor` at **7375 nices**

**3.** `u/Manan175` at **7108 nices**

**...**

**246115.** `u/rosennnnnn` at **1 nice**

---

^(I) ^(AM) ^(A) ^(BOT) ^(|) ^(REPLY) ^(**!IGNORE**) ^(AND) ^(I) ^(WILL) ^(STOP) ^(REPLYING) ^(TO) ^(YOUR) ^(COMMENTS)"
1593478278,UMD,"𝓷𝓲𝓬𝓮 ☜(ﾟヮﾟ☜)
#Nice Leaderboard
**1.** `u/RepliesNice` at **10471 nices**

**2.** `u/AshamedReditor` at **7332 nices**

**3.** `u/Manan175` at **7108 nices**

**...**

**78819.** `u/LiquidPlazmid77` at **2 nices**

---

^(I) ^(AM) ^(A) ^(BOT) ^(|) ^(REPLY) ^(**!IGNORE**) ^(AND) ^(I) ^(WILL) ^(STOP) ^(REPLYING) ^(TO) ^(YOUR) ^(COMMENTS)"
1593471575,UMD,"𝓷𝓲𝓬𝓮 ☜(ﾟヮﾟ☜)
#Nice Leaderboard
**1.** `u/RepliesNice` at **10466 nices**

**2.** `u/Manan175` at **7108 nices**

**3.** `u/DOCTORDICK8` at **7101 nices**

**...**

**246152.** `u/Helenlefab` at **1 nice**

---

^(I) ^(AM) ^(A) ^(BOT) ^(|) ^(REPLY) ^(**!IGNORE**) ^(AND) ^(I) ^(WILL) ^(STOP) ^(REPLYING) ^(TO) ^(YOUR) ^(COMMENTS)"
1593470313,UMD,"𝓷𝓲𝓬𝓮 ☜(ﾟヮﾟ☜)
#Nice Leaderboard
**1.** `u/RepliesNice` at **10466 nices**

**2.** `u/Manan175` at **7108 nices**

**3.** `u/DOCTORDICK8` at **7101 nices**

**...**

**246171.** `u/joos2010kj` at **1 nice**

---

^(I) ^(AM) ^(A) ^(BOT) ^(|) ^(REPLY) ^(**!IGNORE**) ^(AND) ^(I) ^(WILL) ^(STOP) ^(REPLYING) ^(TO) ^(YOUR) ^(COMMENTS)"
1593470093,UMD,"𝓷𝓲𝓬𝓮 ☜(ﾟヮﾟ☜)
#Nice Leaderboard
**1.** `u/RepliesNice` at **10466 nices**

**2.** `u/Manan175` at **7108 nices**

**3.** `u/DOCTORDICK8` at **7101 nices**

**...**

**246173.** `u/GuidonBoi` at **1 nice**

---

^(I) ^(AM) ^(A) ^(BOT) ^(|) ^(REPLY) ^(**!IGNORE**) ^(AND) ^(I) ^(WILL) ^(STOP) ^(REPLYING) ^(TO) ^(YOUR) ^(COMMENTS)"
1593469948,UMD,"𝓷𝓲𝓬𝓮 ☜(ﾟヮﾟ☜)
#Nice Leaderboard
**1.** `u/RepliesNice` at **10466 nices**

**2.** `u/Manan175` at **7108 nices**

**3.** `u/DOCTORDICK8` at **7101 nices**

**...**

**246171.** `u/Beta1548` at **1 nice**

---

^(I) ^(AM) ^(A) ^(BOT) ^(|) ^(REPLY) ^(**!IGNORE**) ^(AND) ^(I) ^(WILL) ^(STOP) ^(REPLYING) ^(TO) ^(YOUR) ^(COMMENTS)"
1593465869,UMD,"𝓷𝓲𝓬𝓮 ☜(ﾟヮﾟ☜)
#Nice Leaderboard
**1.** `u/RepliesNice` at **10463 nices**

**2.** `u/Manan175` at **7108 nices**

**3.** `u/DOCTORDICK8` at **7101 nices**

**...**

**246196.** `u/ImBatman5500` at **1 nice**

---

^(I) ^(AM) ^(A) ^(BOT) ^(|) ^(REPLY) ^(**!IGNORE**) ^(AND) ^(I) ^(WILL) ^(STOP) ^(REPLYING) ^(TO) ^(YOUR) ^(COMMENTS)"
1593465446,UMD,"𝓷𝓲𝓬𝓮 ☜(ﾟヮﾟ☜)
#Nice Leaderboard
**1.** `u/RepliesNice` at **10462 nices**

**2.** `u/Manan175` at **7108 nices**

**3.** `u/DOCTORDICK8` at **7101 nices**

**...**

**246199.** `u/UnderPressure240` at **1 nice**

---

^(I) ^(AM) ^(A) ^(BOT) ^(|) ^(REPLY) ^(**!IGNORE**) ^(AND) ^(I) ^(WILL) ^(STOP) ^(REPLYING) ^(TO) ^(YOUR) ^(COMMENTS)"
1593456835,UMD,"𝓷𝓲𝓬𝓮 ☜(ﾟヮﾟ☜)
#Nice Leaderboard
**1.** `u/RepliesNice` at **10459 nices**

**2.** `u/Manan175` at **7108 nices**

**3.** `u/DOCTORDICK8` at **7101 nices**

**...**

**246264.** `u/DeerParkBoss` at **1 nice**

---

^(I) ^(AM) ^(A) ^(BOT) ^(|) ^(REPLY) ^(**!IGNORE**) ^(AND) ^(I) ^(WILL) ^(STOP) ^(REPLYING) ^(TO) ^(YOUR) ^(COMMENTS)"
1593455481,UMD,"𝓷𝓲𝓬𝓮 ☜(ﾟヮﾟ☜)
#Nice Leaderboard
**1.** `u/RepliesNice` at **10459 nices**

**2.** `u/Manan175` at **7108 nices**

**3.** `u/DOCTORDICK8` at **7101 nices**

**...**

**246269.** `u/YaBoiRDizzle` at **1 nice**

---

^(I) ^(AM) ^(A) ^(BOT) ^(|) ^(REPLY) ^(**!IGNORE**) ^(AND) ^(I) ^(WILL) ^(STOP) ^(REPLYING) ^(TO) ^(YOUR) ^(COMMENTS)"
1593449792,UMD,"𝓷𝓲𝓬𝓮 ☜(ﾟヮﾟ☜)
#Nice Leaderboard
**1.** `u/RepliesNice` at **10457 nices**

**2.** `u/Manan175` at **7108 nices**

**3.** `u/DOCTORDICK8` at **7101 nices**

**...**

**246318.** `u/the_fat_joint` at **1 nice**

---

^(I) ^(AM) ^(A) ^(BOT) ^(|) ^(REPLY) ^(**!IGNORE**) ^(AND) ^(I) ^(WILL) ^(STOP) ^(REPLYING) ^(TO) ^(YOUR) ^(COMMENTS)"
1593503820,UMD,"𝓷𝓲𝓬𝓮 ☜(ﾟヮﾟ☜)
#Nice Leaderboard
**1.** `u/RepliesNice` at **10484 nices**

**2.** `u/AshamedReditor` at **7469 nices**

**3.** `u/Manan175` at **7108 nices**

**...**

**246233.** `u/thelorax18` at **1 nice**

---

^(I) ^(AM) ^(A) ^(BOT) ^(|) ^(REPLY) ^(**!IGNORE**) ^(AND) ^(I) ^(WILL) ^(STOP) ^(REPLYING) ^(TO) ^(YOUR) ^(COMMENTS)"
1593495207,UMD,"𝓷𝓲𝓬𝓮 ☜(ﾟヮﾟ☜)
#Nice Leaderboard
**1.** `u/RepliesNice` at **10478 nices**

**2.** `u/AshamedReditor` at **7469 nices**

**3.** `u/Manan175` at **7108 nices**

**...**

**246262.** `u/Flugercop` at **1 nice**

---

^(I) ^(AM) ^(A) ^(BOT) ^(|) ^(REPLY) ^(**!IGNORE**) ^(AND) ^(I) ^(WILL) ^(STOP) ^(REPLYING) ^(TO) ^(YOUR) ^(COMMENTS)"
1593489034,UMD,"𝓷𝓲𝓬𝓮 ☜(ﾟヮﾟ☜)
#Nice Leaderboard
**1.** `u/RepliesNice` at **10476 nices**

**2.** `u/AshamedReditor` at **7407 nices**

**3.** `u/Manan175` at **7108 nices**

**...**

**246181.** `u/mangowhiteclaws` at **1 nice**

---

^(I) ^(AM) ^(A) ^(BOT) ^(|) ^(REPLY) ^(**!IGNORE**) ^(AND) ^(I) ^(WILL) ^(STOP) ^(REPLYING) ^(TO) ^(YOUR) ^(COMMENTS)"
1593384297,UniversityOfHouston,Omg thank you so much!!!!!!
1593380873,UniversityOfHouston,"Oh sweet!! How exactly do you fill out your direct deposit info for that to go smoothly? Can you do it on myUH?

Also that sounds absolutely dreadful, so glad I'm staying off campus. My undergrad had horrible on campus housing bs so I didnt wanna risk it this time around lol"
1593380516,UniversityOfHouston,Oh sweet okay! Hopefully this is it 🤞
1593372026,UniversityOfHouston,Yeah I'll probably end up doing that then 😓 thanks anyways though!!
1593371657,UniversityOfHouston,"I've already accepted my financial aid &amp; been approved for my loans and I can view all my aid, but I'm not quite sure what to do next. Like is there a way to somehow request a withdrawal so I can pay my landlord?"
1593483948,UCalgary,Get involved in some extracurricular activities!
1593717539,UCalgary,"There is student legal aid on campus! 

[https://www.ucalgary.ca/pubs/calendar/grad/current/student-legal-assistance-sla.html](https://www.ucalgary.ca/pubs/calendar/grad/current/student-legal-assistance-sla.html)"
1593325700,uAlberta,I mean being forced to do online courses basically feels like we're in prison
1593581632,uAlberta,"I can't really do that, I lost most of my support network when I got let go and have lost touch with basically all of my school friends over quarantine, (some of the teenagers I worked with would still talk to me, but it's kind of inappropriate for a guy in his mid-twenties to be reaching out to 16-17 year old girls online) I've been playing video games and meditating to cope but there's only so much you can do without interacting with real, actual human beings, I'm going to start leaving resumes after canada day but I'm not liking my chances with the way the economy is right now, it does help to know that other people are going through it, but it would be a lot easier (obviously) if we just weren't in this situation to begin with"
1593451543,uAlberta,RemindMe! 1 week
1593306441,gradadmissions,"I've heard conflicting things. Both US and non US sources have told me they aren't expecting a great many applications for Fall 2021 due to uncertainty and interrupted studies - and some have mentioned that those that will be applying with 2020 grades might find it harder depending on how their university has handled the circumstances (some seem to have made things a lot easier) which would put people with established grades at an advantage. 

That said I've also been told that if you have managed to get good marks from a programme from 2020 and have stayed productive during this time/kept momentum going then that's going to be taken really well. Mixed signals I know..."
1593663522,gradadmissions,"I'm not applying to Harvard, but rather vet school or going for my masters (although that might not happen if schools are going to be culling PHD admissions for another year since masters is right there). Kinda scared to see what happens in the coming months. At first, admissions were relaxed but now I can kinda see a domino effect where either masters programs or even vet school are affected (there's already a deficit of rural vets and no way to get experience without seeming rude in the community since vets are having to cut their staff down to cut costs and thus having to train people without prior experience would be hard work as opposed to seeking out great vet techs that don't need as much training)."
1593703930,gradadmissions,The Ruhr University of Bochum does not appear to be accepting any masters applications for the winter semester.
1593749135,gradadmissions,We believe in you.
1593682918,gradadmissions,"Anytime, don't worry. You'll do great! &lt;3"
1593626337,gradadmissions,r/lostrediotrs
1593444034,csMajors,Start with Susanne Epp
