created_utc,subreddit,body
1591052034,mentalhealth,"NTA but don't force the help you think is appropriate on them. I had friends who called the cops on me because they saw I was struggling for a couple days (little did they know the cops were the entire reason for my meltdown) and I dropped them. Some people don't know how to get help, and the (american) institution of mental health can often worsen matters (see r/antipsychiatry or r/troubledteens), or sometimes they just need a little time to recuperate. Sometimes they just need someone to listen. It's a good thing you care."
1591257671,mentalhealth,just sounds like normal teen angst to me
1591405409,mentalhealth,"Im pretty sure none of it is real but i think talking to him about it is a good idea. hes just also going through a badtime recently so i want to wait a bit until he's doing okay before telling him. I'm really barely staying alive atm, but thank you so much"
1590917611,mentalhealth,I'm literally the happiest I have been in years right now. Although also covid had practically been reminded where I am so I don't do much have that stress
1591304426,lonely,Happy birthday! I turn 20 in a few months and I’m afraid no one will remember either :/
1591234179,lonely,Thank god someone responded. It feels like I am talking to a wall sometimes. you on the discord?
1591123039,lonely,If you truly did not know then I will retract my fuck you and assume you’re 16 or something. Not everything is a joke. Trolling is an incredible waste of your time. I appreciate you owning up to it.
1591122862,lonely,Good for you ⭐️
1591122655,lonely,"I know where you got it from that’s why I am asking you if you were there. I was there. My brother was there. My coworkers were there. My wife was there. Fuck you. Fuck you. Fuck you. We didn’t need this today. Get a life. Make something useful of yourself. You’ll be much happier. 

You’re trash."
1591122122,lonely,"Fuck you

You’re sad and pathetic. Find some god damn meaning in your life so you can have less time for such fucked up ideas. Are you even a UCSB student? We’re you there? Did you have friends, siblings, coworkers, classmates there?"
1590973211,lonely,The fake reality I live in is the one where all the fuck ups from the last 2 years never happened and I was able to live a life of prosperity
1591159852,lonely,"I know how you feel. I always feel like I give my all, but it’s never reciprocated back and all I do is get hurt."
1591230341,lonely,"At least you had that to begin with. I've never known the feeling, and probably never will now..."
1590890179,lonely,All I want is someone special. I know I’m loved by some but I feel like I’m missing something
1591031391,lonely,I’d rather it’s be silent than have people pity text me
1591209461,lonely,It’s actually healthy to speak to yourself.
1591209434,lonely,"I just talk to myself, like literally just me saying things out loud"
1590996180,Anxiety,"My bad if what you're saying is true, though governor Walz and mayor Frey confirmed this at a press conference"
1591239636,Anxiety,Hi! I’ve had my license for four ish years. I didn’t have a huge amount of anxiety about it but I still cried and it still stressed me out so much. I agree that it’s crazy people just get in cars and drive around. Remember that there are very safe cars and most people also don’t want to die! It’s okay to have a lot of anxiety about it. I personally would love a chauffeur haha - I hate driving. It makes me anxious. I hate when people tailgate. I actually spun off the road last fall. I’m still here. It was scary and I’m still here.
1591363019,Anxiety,"No don’t worry about it!! For me, it might have been the pressure of a parent in the car or I was oversensitive. It was in the beginning of driving. Crying doesn’t equal bad anxiety. In any case, I did it so you can too! Keep your head up and keep trying! Stay focused!"
1590987602,Anxiety,80% of the arrested rioters in Minneapolis were from out of state. It is your duty to be informed before spreading fear of the protesters.
1591450206,Anxiety,I feel you on the anxiety thing. I had to spend the whole week sitting in a hotel room waiting to find out if I had covid (thankfully no). Only thing that really helped was calling and talking to family and friends. Hearing a voice outside of your own head really helps.
1591108777,Anxiety,thank you so much! :)
1591290731,Anxiety,"I agree with this completely. It's best to try to make a small friend circle in class and cling to them. Office hours can be torturing, my heart races when I try to interject and ask a question. Also the professors hand out so much work I start panicking about whether I can do it all, it especially sucks when they hand things last minute. But at least we experience this so work can hopefully be less stressful. I believe in you OP!"
1590918038,Anxiety,donating makes me feel better :)
1591074770,Anxiety,"I agree. I remember when I had my first anxiety attack, my mom looked at me and called me weak. She told me to cut it out or else I would have to take medicine. So obviously in response I panicked even more. She basically shamed me for doing something out of my control. A few years later I had a similar attack and she treated me the same way. Sure I'm more sensitive to things than you but that doesn't mean you have to treat me like I'm some monster. It's just so hard having parents who don't understand mental health issues and want you to be this perfect robot."
1591105741,Anxiety,"While going out and protesting is a form of fighting back against justice, it is not the only way. Ultimately you don’t want to put yourself in a situation that jeopardizes your health. As a black college student, I would love to go out and protest but because of my severe anxiety I feel like I would just end up doing more harm for myself than good. Because of this, I’ve advocated from my home, using my platforms to spread the word as well as signing many petitions and donating! You shouldn’t feel guilty, because youre doing something and you have the right intention and that’s all that matters!"
1590957389,Anxiety,This is exactly what I needed to hear. Thank you.
1591062685,raisedbynarcissists,"I'd love to have shoulder length as a start, but apparently my mom doesn't like it? Yeah ok gen x"
1591061093,raisedbynarcissists,"You are brilliant and have found your new business venture!  I made some classic cards for my brothers when I was a child.  If your line was out back then, I would have been a good customer."
1590909987,raisedbynarcissists,"Yeah.  The way I see it, anything he can prove you owe, you're screwed into paying.  But nothing else."
1591032059,raisedbynarcissists,"It's ok, I think after not really having that childhood of my own, I'd like to be able to do the things I was never allowed to like travel, collect toys, go see my friends without *their* permission, take care of my mental health and write a few books. I'm ok without that personally and I respect that you acknowledge that your experience is your own and I'm glad it worked out for you. If anything I want to be a mentor along with being a therapist myself to help kids who were like me."
1591031825,raisedbynarcissists,"My dad would and still guilty me with, ""your so smart, so why do you *insert normal human mistake/ thing he lacked to teach me/ normal human interaction *""

It sucks man."
1591031710,raisedbynarcissists,It is
1591031619,raisedbynarcissists,"I remember being blissfully unaware of this all myself until my therapists began giving me pamphlets about abuse, until I heard what bad parenting looked like in my developmental psychology class, until I was told I was worth something and resilient by my positive pysch professor, until my boyfriend toldnmenit was not normal and until a psychiatrist customer of his said my dad is a narcissist, full stop. 

The bells were always there, I just began to hear again."
1591031316,raisedbynarcissists,"Same, I worry about that myself and I'm hoping to get back into therapy as soon as I go back to school this upcoming fall."
1591031049,raisedbynarcissists,"I get that, me and my mom are the only ones ever doing the cleaning while my dad either watches tv or ""works outside"" and my brother has to help him."
1591030870,raisedbynarcissists,"Good for you, I'm glad you're able to acknowledge that for those who look up to you. I personally don't ever want kids, and my upbringing is a big part of it so my respects to you for making the effort."
1591083790,raisedbynarcissists,"Personally, I want to help kids get out of these situations more than anything, which is why I'm currently going to school for my bachelor's in psychology and getting ready for a graduate program afterwards. In fact if all goes to plan, I would be living on campus away from my family by this fall starting at my new school. Kids of my own never appealed to me for way too many reasons, but I would love more than anything to be a mentor and live the life I want too. Thank you, and I'm glad you're doing better!"
1591082075,raisedbynarcissists,"I salute you for your strength in that environment, oh my goodness, i can imagine how draining that must be.  But I'm glad to hear that you saw a parent be a good parent in that moment, it did my heart good just hearing about it."
1590902385,raisedbynarcissists,Congrats!  I recently got my own independence appeal approved.
1590901867,raisedbynarcissists,"I'm the other way around - I feel guilty, even when it's absolutely not my fault."
1590901399,raisedbynarcissists,"You might want to lawyer up anyways, but it sounds like your dad barely has a case, especially if your agreement came before you hit the age of adulthood in your place."
1590901123,raisedbynarcissists,"At a lot of universities, you can get financial independence if you can show that your parents are abusive."
1590900258,raisedbynarcissists,"This is abusive, bordering on murderous."
1591197311,raisedbynarcissists,"If my mom dies first I'll reach out to my father.  He's...he's OK.  He's an alcoholic and hides from the lies my mom tells.  I feel sorry for him.

If my dad dies first...hell, I just don't know."
1591223993,raisedbynarcissists,"I might get downvoted for this, but now I'm conflicted after reading your post.

My whole life, I was taught that nothing is mine. I wasn't even allowed to call the clothes in my closet mine, because other people had bought them for me. My school supplies weren't mine, my bedroom furniture wasn't mine. Every time my younger sister would destroy my things as younger siblings tend to do, my parents brushed it off with an ""oh, well it wasn't really yours anyway, stop being so selfish"".

Now, as a college student, I still don't have control over my money (which is actually, legitimately my money since I work part-time) -- my parents keep an eye on my bank account, and while I don't have to answer to them regarding what I spend my money on &amp; definitely don't have to worry about them taking money out of my bank account (they want me to have an emergency fund + help pay for my little sister's college education, which I am 100% on board for), I still need to get their permission to spend it because they can see my bank statements.

I guess this led to me ""grinding"", as my ultimate goal in life is to be entirely independent and free. Free to order the mundane things I want that my parents are against, like PC games and makeup and music equipment. I'm double majoring in two lucrative fields that I'm very passionate about, and while I'm not entirely robotic &amp; have people I care about outside my family, my career is very, very important to me. I landed an internship this summer where I'm making enough to pay for the next year of college tuition, and the nature of the field is one where people are always trying to work with newer and newer technologies, which usually means a bump in pay/compensation &amp; a move to a different part of the state, sometimes even a different part of the country. I can definitely see myself riding this wave to challenge myself and gain the most out of my career.

If I was in your mom's place, I would honestly hope that the rest of my future family would be willing to move with me, and if not, I would either take the job and make an effort to travel back every week or two (my dad did this when I was younger for about 6 months, flying back and forth every week), or I would most likely resent said future family forever. I can't imagine having to give up something I worked so hard for, and unfortunately, my upbringing really only taught me to put myself first."
1591297737,raisedbynarcissists,"I'm on the same boat as you, I plan to never have kids for this reason as I know those bad habits were put deep into me. Instead, I'll work on acknowledging those negative thoughts, change the reasoning and become a better person to work with kids instead! I do still want to to work with them, but I know I need to be my best self before taking on such a responsibility."
1591079513,raisedbynarcissists,"I feel exactly the same. It’s like the little voice in my head criticizing my every move is my dad - it’s all stuff he’s said to me that I internalize. He’s the reason I have low self esteem and it’s incredibly hard to try and raise it now, even after years of therapy."
1591192986,raisedbynarcissists,"That drove me nuts as a kid. It seemed like every person I met that had spent more than a couple hours with my mom had the same story... ""I've heard so much about you! But don't worry, I know you are shy and sensitive.""

I hated feeling like people knew me already."
1591202304,raisedbynarcissists,"Just an FYI, that other sub is satire."
1591205540,raisedbynarcissists,"I think that dude is rather young, and doesn't understand what this sub is about (doesn't understand the other one as well).  His behavior here certainly isn't cool but I think it's best to move on.  

I don't want his behavior here (nor mine in other subs) to impact the seriousness of this place...so I'll delete my original post."
1590977524,raisedbynarcissists,"Hey, if you need someone to talk to, I'm here.  
I'm sorry I cannot provide any advice or answer your questions. But I am here for you. We all are."
1590953045,raisedbynarcissists,Boy do I have a hurt feelings story for you !  My mom traveled with me to pick up my internationally adopted son from S.Korea.   When they started to pressurize the  air in the cabin my son started to scream. I had all that I could do to hold him and try to quiet him down.  Also at least 4 women on the plane were trying to give me advice in different foreign languages.  On International flights you get a free alcoholic beverage. My mother asked for two for herself.  Mine and hers.  When I finally got him calmed down (maybe his ears popped) I asked her why she did that. Her answer with a smirk was something about me being busy and not wanting my drink.  I snapped at her !  Not because I wanted the beer or whatever.  Just because it was so selfish.  The three foreign speaking women gave me disapproving looks.  Lol.  Moms. And my mom proceeded to sit there  in silence for a good part of the flight with tears rolling down her cheeks.  You can’t make this stuff up.
1590952405,raisedbynarcissists,For your sake I hope he does too but don’t count on it. The brain is a complicated thing and as people get older their thinking becomes more inflexible.  I don’t remember how old I was when I figured it all out.  Around 45 maybe ?  There wasn’t a whole lot of talk on the subject back then.
1590952232,raisedbynarcissists,Wow - thinking she was hard of hearing.  That’s such a mind——.  I’ve been dismissed by my mom and also by my sister.  Then they call back to get the last word in.  It’s so crazy.
1591381981,raisedbynarcissists,"Speaking from experience, the living room is the least used part of my parent’s house, with the dining room trailing in a close 2nd."
1591035577,raisedbynarcissists,"So far I only have my cheap Disneyland made lightsaber from tomorrowland, not even galaxy's edge, but one day I'll have enough for a good saber!"
1591034698,raisedbynarcissists,"That would be cool btw! Me I want to cut my hair to shoulder length, long hair is a pain to deal with, plus I'd love to sell my hair if I can cause your girl needs money for school lol."
1591034156,raisedbynarcissists,:D
1591034016,raisedbynarcissists,Same here.
1591033994,raisedbynarcissists,"Nice! My goals are a bit more lofty, I'd like to own my own bjd of an original character of mine, a decent lightsaber replica, or a long furby."
1590973680,raisedbynarcissists,"I was adopted when I was 6 mo old from a poorer country so I get the ""I gave you a better life than you ever would have"" excuse.  
Either way, it's 100% unacceptable. It's not like we got the choice..."
1590979716,raisedbynarcissists,"Boy do I feel that. I was finally living my best life at college and, obviously due to COVID, got brought back early. Been stuck here since March, stuck here til end of August."
1591033908,raisedbynarcissists,"Thank you, I would want to do the same too."
1591033866,raisedbynarcissists,"The flinching can be so bad at times smh, I totally get it."
1591033824,raisedbynarcissists,"Are you me? I want to cut my hair so bad, I'd love to be able to protest myself, and my mom almost dresses me herself as a 21 year old! I want to live my best bi life, and probably without kids, because I wouldnt want to subject another human to the horror that is my family. However as I mentioned to another redditor, I'd love to be a mentor to kids!"
1591033117,raisedbynarcissists,"I was slapped once for leaving the bathroom light on. I was around 10 years old I think. I didn’t formally recognize the word abuse until much later when I went to college and heard other experiences from friends and did my own reading. But even at 10 I knew that slapping your kid for a genuine, little mistake was not right."
1590983067,NarcissisticAbuse,"Been reading about narcissistic behavior. Wow, you hit it right on the nail with how he’s virtue signaling."
1590981801,NarcissisticAbuse,"It sucks that they don’t really seem to care about actual change. It’s like they hide behind these pretty words, but the words are nothing but empty. 

Your nex sounds awful"
1590981624,NarcissisticAbuse,"Stay strong! If you need someone to chat with, send me a PM. You’ll get through this. He isn’t worth breaking no contact."
1590981518,NarcissisticAbuse,"I wrestled with these feelings for a very long time. When my therapist told me he displayed narcissistic traits, I refused to believe her. I used to tell myself that she only heard my side of the story and that I must be manipulating her. So I went to another therapist. And she told me the same thing. I still didn’t believe if it was true or if I was using it to cope. 

I guess I’ll never know 100% if he’s a narcissist because I can’t get inside his head. All I know is, my behavior when I was with him wasn’t normal, and went away after a few months of being away from him and being in a supportive environment. I don’t spend copious amounts of time thinking about whether my ex was a narcissist or not; if I think about him at all, it’s when I’m working to correct the way of thinking I adopted when I was with him."
1590981019,NarcissisticAbuse,"*holy shit* the 180 your nex did is insane. That’s like a textbook example of narcissistic behavior. 

There’s no way he actually cares about what’s going on. Its just a facade he’s putting on. 

Hope you’re hanging in there and doing better ❤️"
1591170891,NarcissisticAbuse,"Wow. I was on the fence about whether my husband is a narcissist or not. He has every trait you listed here.

It bothers me so much that he has to judge everyone, especially overweight people he’s never met."
1591243603,depression,"I make spreadsheets. It's helpful to know exactly where you stand, even if you're in the red each month. In my opinion, the worst part of financial stress is when there's this looming sense of dread that comes from knowing you're in trouble but being too scared to find out exactly how much."
1591173807,depression,Don't feel guilty. Genetics play a role coupled with other factors.
1591171725,depression,"I TA'd programming classes when I was an undergrad, and there is definitely not anything genetically wrong with people who struggle on exams like this. First off, timed exams (possibly without free use of resources like the internet) are not an accurate reflection of your ability to code in the real world. They measure your ability to succeed on that specific type of exam, not your general coding ability, and especially not your worth as a person.

More broadly, there is a belief that's especially common in computer science fields that some people ""just don't have what it takes"" in order to succeed. Decades of research in education, psychology, and neuroscience show us that's not true for any field - [here's an article](https://cacm.acm.org/magazines/2020/1/241705-evidence-that-computer-science-grades-are-not-bimodal/fulltext) about it specifically in the context of CS."
1591158527,depression,"There's a really complicated balancing act between prioritizing your own health and fighting against racism right now. On the one hand, nobody can tell you to do something that is not healthy (physically *or* mentally) for you. On the other, change isn't going to happen unless people are out there fighting for it. It sounds like you're doing a lot of reflection on this right now, and it's important (especially for us white people) to keep reflecting on our own positions and questioning where we stand. The reality of racism is that once we recognize it, we're never going to be fully comfortable with our positions. Learning to balance and deal with this is an important part of being an ally.

That being said, there are other practical ways to help right now that don't involve physically going out. If you have the money, you can donate to organizations like the NAACP. There are many organizations that are matching donations, so you can also increase the effectivity of your money that way. On the more personal end, you can also reach out to friends who are people of color or other wise might be affected by what's going on right now. In social movements, it's often easy to lose sight of individual people, but we need each other's support more than ever right now."
1591157855,depression,"I'm a teacher. Even when I feel like life isn't worth living, I want to help my students believe that it is."
1591157777,depression,"Honestly, I'd keep sending a message at least once a week - you don't have to be pushy, but persistence can often help to break through that mental barrier we put up when we ""don't want to talk to anybody"" but in actuality do. A lot of times, ""I don't have the energy to talk right now"" turns into ""I'll message them back tomorrow,"" and then ""It'd be weird to respond now anyway."" If you keep giving opportunities for her to message back, that line of thinking is harder to keep up."
1591157488,depression,"It depends on the type of depression. [Major depression](https://www.mayoclinic.org/diseases-conditions/depression/symptoms-causes/syc-20356007) means having more extreme symptoms, but generally for shorter periods at a time (on the order of a few weeks). There's also [persistent depressive disorder](https://www.mayoclinic.org/diseases-conditions/persistent-depressive-disorder/symptoms-causes/syc-20350929), aka dysthymia. The symptoms are often (but not always) less severe, but they stay for a long period of time (on the order of years). Lots of people tend to misinterpret the ups and downs of dysthymia as just normal cycles in their mood, and attribute the constant low affect, motivation, etc. to the fact that they just ""have a sad personality.""

If you read either of the links and they sound like what you're experiencing, it's a good idea to talk to a doctor soon (imagine you were showing a bunch of physical symptoms for COVID-19 - it's not something you would put off). Even if you're not diagnosed with some kind of depression, therapy (if you can access it) is a helpful resource for learning how to better deal with problems in your life."
1591165372,depression,"Imagine if instead of it being your mental health, you had broken one of your arms. I'm guessing you wouldn't feel like you were just making excuses for not being able to get it done - there would be a legitimate impediment that's making the work harder. Mental health problems are just as valid as physical health ones, but we often don't treat them as such. It's hard, but try to give yourself the grace to recognize the problems you're encountering without also feeling bad about having them."
1591238847,depression,Same. I just want to feel normal and be able to have energy to do what other 22 year olds are doing
1591156968,depression,"I also struggle with feeling like a burden to other people, but one of my advisors frames it in a way that kind of turns that around. When you open up to somebody and rely on them for support, you're giving them a gift. You're saying that you trust and believe in them, and that you value who they are and what they have to say. It's usually not as one-sided as you think, especially if you're conscious and reflective about the relationship as you mentioned in your writing. 

Think about what you would want if the roles were reversed, and specifically how you would feel if your boyfriend came to you with these kind of problems - I'm guessing it would be positive. It's a hard mindset to take when you're so used to thinking that you're just a burden, but it is true. You could even ask your boyfriend about how he feels - just make sure that you believe his answer."
1591156495,depression,"In general, mixing any types of drugs (including caffeine) with SSRIs can cause increased/unintended effects. This is a question to take to a doctor - it's better to be a little embarrassed at asking the question than to have a really adverse side effect. The evidence you'll get on reddit is mostly anecdotal."
1591156335,depression,"If there's anybody you can check in with (family, friends, old acquaintances), you can make the world a little bit better of a place by talking to them and asking how they're doing. There are very few people out there who genuinely don't want people to reach out to them, and as we all know a lot of people are struggling right now."
1591156078,depression,"Society (especially movies and TV shows) paints romanticized pictures of teenage life because they're fun to watch. I'm not really that far past being a teenager, but every era of my life (high school, college, grad school) has been no different from the others in terms of potential. Depression can cause you to ""miss out"" on one because you have to spend so much energy attending to your own survival. But that doesn't mean you're going to miss out on everything to come as well."
1591155697,depression,"When it comes to careers, a year or two really doesn't make all that much or a difference in the long run. When you're in school, achievement generally maps very directly on to age (most people graduate high school at 18, etc.) In the working world, things are much more fluid. There are people who start brand new careers in their forties and fifties. It's definitely frustrating to feel behind, but that feeling generally comes from tunnel-visioning in on the people directly around you."
1591154984,depression,"Yup, birthday was on Saturday. It feels like there's an increased expectation to be happy and upbeat, when I honestly just want to close myself off and not talk to anybody."
1591154931,depression,"I started it a few weeks ago and have found it helpful so far. I think it's effective right now because I live alone and don't have to worry about being overheard when I talk with my therapist over video chat. If that's not the case for you, you'll only be able to interact via the instant messaging feature, which may be more hit or miss.

All things said I like my therapist so far, but I don't know if I'll be able to continuing shelling out $160 a month for the service."
1591163293,depression,I feel that. I called only one time and I was left on hold for 30-45 minutes before I hung up.
1590954645,depression,"I despise people like that, especially people who callously say “get a better paying job”. Honestly if it wasn’t for the fact I’d get arrested, I’d punch who says something as arrogant as that."
1590985630,depression,20ish. Have been going downhill since then
1591188547,depression,"Hey man, are you seeing a therapist? If not, do so. 

These times can be tough especially with the pandemic, so talking to a close one helps.

Don’t stress yourself, practice self care and do your favourite things everyday. Hope it helps :)"
1591290968,depression,"Haha thank you.

Hmm I can understand that. I nap a lot to escape my problems but I've been trying to avoid it by taking cold showers, washing my face and drinking caffeine. I also started pacing while studying and talking out loud to help me be attentive. I hope this helps!"
1591290594,depression,You WILL catch up OP. I have been super behind and I always feel like this but then I blast some music and grind grind grind (even when I'm super antsy/super sad and want to sleep). Also do you like sweets? Sometimes when I eat chocolate it helps me temporarily bounce from a slump.
1591231701,depression,"Mine started when I was 11 years old and I immigrated to the USA. I was alone in school and had hard time making friends, eventually, I ended up in foster care, due to abuse in family. 

I really have hard time escaping depression."
1591063186,depression_help,"I probably would not say it was mental illness, but rather that you had a serious medical condition that required extensive treatment.  I am terrible at lying, so honesty is the best policy.  They can't discriminate or interrogate you about your medical condition, but lying on an application is grounds for dismissal.  When I was hired for my current position, I had what I considered to be a disqualifying event that would come to light during the background check.  I was upfront about it at the appropriate time (after the offer was made, and only to the background check contractor) and I got the job.  People grow and change and over coming adversity is an admirable achievement, not something to be ashamed of."
1591427697,depression_help,"I feel you. I’m graduating this week after 6 tortuous years, and now I have to find a job. I’m unemployed because of the pandemic, but hated the job I had before anyway. My friends all got some good jobs after college and I’m still struggling. I don’t know what I want to do, and I hate when people ask. 

Mostly, I’m afraid I’ll just end up hating my job forever. I just have to remind myself that a job isn’t everything, and that I need to invest time in my hobbies. (And remind myself that I indeed DO have hobbies).

I dread looking for a job, but writing this comment has reminded me that I have a few small things I’m looking at doing. I like coding and doing music-related things. I’m not good at them, but I try to not pressure myself into being perfect in these areas."
1591279281,EatingDisorders,"Photos are so triggering and it sucks this is hijacking your wedding bliss. I know it's not something one can snap out of easily and it can throw you into the depths of despair. Honestly, I would get an ED therapist asap. This is so common and you deserve not to be tortured. I might suggest just setting the wedding photos aside for now until you can calibrate. That's the only thing I can do when I look at photos if myself otherwise I'm a goner. Much love to you. So sorry you are having to deal with this."
1591278751,EatingDisorders,"First off, congrats on taking this step. It takes a lot to get there and it's so necessary for recovery. Since you are just beginning you have time to work through it before telling your parents if you decide to tell them at all. If you do, you can set the ground rules. You will probably have to be patient as people have NO clue about the insidiousness of an ED. Even people with EDs who don't get help don't understand it. I would suggest working with your therapist on a game plan to let them know. I think parents need to be informed so long as they are safe. Ignorance is one thing....they can be taught. Toxicity is another. Best of luck. Keep us posted if you wish!"
1591176375,ForeverAlone,Gay men have standards
1591176266,ForeverAlone,It’s down
1591176165,ForeverAlone,Not true
1591256618,mentalillness,"It’s like you wrote this about me so creepy. I know this isn’t exactly a normal thing but I just kinda go with it. It makes it very hard to ever express what I’m feeling or thinking. Because even when I’m not thinking anything consciously, I’m still feeling something and I still intuitively know things but I can’t name what those things are and struggle to put them into words, if that makes sense? It’s like my thoughts are on a back burner in my brain just out of reach. I know they’re there but idk what they are. And instead my head is just blank."
1591024497,OCD,Thank you!! I am indeed very proud. I appreciate the kindness :)
1590891086,OCD,"I'm not sure. In the end, aren't they conceptually the same thing?"
1591231661,OCD,"I agree! I've read many OCD books, but this one was by far the most helpful for me with mental compulsions."
1591325879,OCD,"yeah literally, my family thinks I’m crazy"
1591384143,OCD,"Yea right now I have trouble with lights and sounds causing a fear response, and I get confused easily when a lot is going on."
1591383206,OCD,"Not anymore. That used to be the case though. I attributed hyperawareness to panic attacks, which I don't have as often these days."
1591378353,OCD,They fuck me up too. I've even tried to counter Existential Philosophy to some extent with new views of the human experience. But that in itself is still thinking about Existentialism.
1591375466,OCD,That's right.
1591375244,OCD,"I used to have issues worrying about what went wrong in my life, why do I have these issues, why is this happening to me? 

I came to realize I would never answer it. Not all things happen for a reason. 

I still waste a lot of time during the day with wandering thoughts, and I struggle with employment, but I feel better than I used to."
1591470969,OCD,Yeah dude that’s tough. Just make sure the therapy is ERP. It’s super tough (im in it right now) but the long term payoff is worth it. Hope you can find some peace during these hard times.
1591470575,OCD,Good to hear it’s working for you. I take 3000mg a day and at first it helped a ton but now I feel like it isn’t helping. Not sure what happened
1591470336,OCD,It happens man. Sometimes there is no cause. Are you going to seek therapy?
1591136913,selfhelp,That sounds great. I need something that can make me feel so that would be a good exercise.
1591136882,selfhelp,Thanks I will check out the book
1591200690,selfhelp,"Change is hard when you get accustomed to your environment. Think like, step by step instead of trying to change everything at once. Life is short so sometimes you need to spend money to buy foods you want to eat and buy clothes if you think it looks nice. If you don’t like something in life, everything starts with a thought to change. Next is to find other ways to solve your problems. You can do it.. once you do it, you will be in a much better place ..."
1591119743,socialanxiety,This is kinda funny cuz I skipped my zoom meeting today from fear of meeting new people there
1591471484,socialanxiety,Me
1591068685,socialanxiety,I'm an only child too. I literally feel like I wrote this lol.
1591068537,socialanxiety,same
1591449656,socialanxiety,You ever text Team Snapchat just to kill time knowing you’ll never get a response? Hehehemylifeissadhehehe
1591113519,Tourettes,Are you from the future? It is only 2 June here.
1591366042,SuicideWatch,You're not in trouble because you didn't do anything sexual or inappropriate. The last thing you want to do is snitch on yourself online. Keep quiet and keep it moving. Don't let fear lead you to self incrimination.  You're good. Delete This
1591043644,SuicideWatch,I can confirm. Being ugly makes life super hard
1590988417,SuicideWatch,"If you want to die, grab a hammer and take a couple of rioters with you before you go. Go stand guard at a hospital or a fire station or library or bookstore, and prevent these animals from destroying civilization. Die with dignity and with strength as a man ought to."
1590917795,SuicideWatch,"Damn, I feel that.  

What happened yesterday that made you feel this way?"
1591230650,SuicideWatch,No one gives a fuck. Everyone lies and virtue signals acting like they are there for you and want to help but as soon as you start showing any pain or telling them anything they just start getting angry and looking at you like a burden.
1591288024,SuicideWatch,"Wow that’s an extremely hurtful thing for her to say, she doesn’t sound like a friend at all... I totally get the struggle to find someone who actually likes you, but try not to take to heart some early discouragement (and certainly garbage she’s telling you)"
1591336150,SuicideWatch,Apply for unemployment ASAP. I'm pretty sure you're going to get enough money to live if you're frugal enough!
1591336052,SuicideWatch,"It's great that you're expressing yourself. There's at least one person that heard you.
I can relate on the lack of excitement and the repetitive nature of life. 
I think it's pretty normal to feel this way especially if it's been happening consecutively for a long time. 

You're still young, and there's still some hope that you can make some changes that can slightly make things more lively. 
You can do small things like watching content that you've never watched before, listening to new music, and pretty much just trying new things that aren't as drastic. 

With the vast amount of free knowledge online you can learn about things you're passionate about or find things you might be passionate about exploring different things. All I'm trying to say is that it would be great if you tried to expose yourself to new things whether it's arts, sciences, sports, or other hobbies.  You can later meet like minded people that will do more than simply tolerate your presence"
1591334980,SuicideWatch,"Wow I'm sorry that your life has been put in danger. Is it because you live near your business place? If it was your only source of income, you can apply for unemployment insurance if you're short on money"
1591334786,SuicideWatch,"I'm really sorry that you had to go through all of that. It's really unfortunate. People don't realize that they're hurting the livelihood of others by looting. 

Do you have any form of insurance? I'm pretty sure the gvt can assist since you're a small business. 
You must feel really shitty right now, and it's understandable!"
1591032991,rit,This is true. It’s harder to fit in at RIT when you didn’t live in the dorms. When you transfer it’s like starting over.
1591032884,rit,"Hi! I went to the local community college MCC for engineering and then transferred to RIT. I was there a total of three years because I changed majors. I still saved money. Especially because I ended up changing majors. I loved that school. Professors actually came to labs and actually graded their own class. Every professor knows your name and cares about you. They are happy to have you stop in their office any time. Engineering there is a small group so I got to know everyone. I knew everyone in my years major and what classes/ projects they were doing. There a few rooms where everyone hangs out so you’ll definitely make friends WITHOUT joining clubs. Although RIT does have more clubs. MCC also had way way more projects than I’ve done at RIT. Everyone was very friendly. Engineering and nursing was the only major where people went in on the weekends and you always had a friend in the lab. I also went to Florida for my design lab project. Most of my professors were all better than RIT. My professors made cookies. My professors brought in unicycles to ride. My professors stayed in the lab to help. They were organized and very clear in their teaching. 

I believe most majors with co op are five years. With CC it would be 2+3 although this is still covered in the 2+2 program. The 2+2 program is a very good thing to be a part of."
1591029827,rit,"I feel very very lonely at Rit. I feel like I have no where to go between classes. I haven’t made one friend. I feel like I don’t belong. It made me very depressed...along with other things too. There’s no grass. All cement and brick. However I’m a transfer student who has never lived there so I assume I am missing out on A LOT. I miss professors coming to labs. I miss professors grading anything. I have massive feelings of inferiority here which interferes a lot with my ability to make friends, join clubs, and talk to professors."
1591114379,berkeley,"Yes, yes. It's over there in my backpack. No, wait... it's right here in my pocket. Isn't that odd, now?"
1591113981,berkeley,1 card to rule them all.
1591101104,berkeley,That's the correct answer
1591334735,berkeley,F
1591477549,berkeley,That is just so wrong of them to do.  They should not be seeking to profit off of students.  Such a shame.
1591463575,berkeley,Couldn’t the university purchase properties to build on without the intention of earning profits like the developers?  If the properties were university owned and controlled the situation could improve.  I am surprised that UC Berkeley and other not-for-profit organizations did not try to buy up properties after this case first came out.
1591460659,berkeley,The only way to push them out is for Berkeley to build thousands of apartments to replace the Taj apartments on the market and ban students from renting from Raj.  Do you think that is possible?
1590961976,berkeley,"In physics and astro, I feel like my advice would be incredibly similar! Also requires you to know your own learning style!"
1590901664,OSU,Any update on the gunshot victim? Saw some reports that he was shot near campus and others that he was more towards Franklin Park
1591123279,OSU,"Reach out to Student Life Disability Services! They can provide accommodations and assistance for students going through a pregnancy as an undergraduate. 

Their website is slds.osu.edu and their phone number is 614-292-3307"
1591153228,OSU,Going to miss President Drake
1590944205,OSU,"Y’all gotta chill with violent protesting, I know you may think it’s the answer but it’s only making things worse for others who aren’t involved/ care to be involved"
1591071559,OSU,"We should have locked them up. 

I’m not sure what political party I align with when I want both the protesters violating curfew and the people violating stay at home/social distancing orders to be arrested and/or fines."
1591289373,OSU,"People love to victimize themselves to gain pity. If anyone actually reads the terms, it’s not as bad as it looks"
1591286912,OSU,"I think they will try their best to keep pairs together, but if it comes down to how they treat people going into 4 or 6 person suites, it may not be ideal. If you’re lucky they make take your suite members and split amongst you guys and have you in smaller pairs within your group instead of completely breaking you guys up."
1591133253,OSU,"Stay safe out there, don’t forget why you march!!"
1591415666,OSU,"Was in the class but didn’t get charged. Professor found out that some students were posting the midterm on Chegg during the exam and cheating with it. Happened a few times with the quizzes. A lot of people I know that got charged didn’t upload anything; they just had very similar answers to Chegg. 

For the final, she watermarked it w/ her name and put active final in big bold letters on the page. Apparently, people still uploaded it to Chegg. 

So far everyone I know who got charged still has an I in buckeyelink and hasn’t heard from COAM yet"
1591320481,OSU,"Basically, from what I understand, if you’re a 1st year your safe but If you’re a 2nd year, you are advised to look into off campus housing because you may not be guaranteed a room, or you will relocated to a different dorm than the one you selected. They may even spilt who your roommates are in the case of there being more than 2 people in the group."
1591244698,OSU,"Considering every one has forgotten about the pandemic to go rally in large groups, I’d say youre gonna end up being safer than them in the long run if you took all precautions."
1591244542,OSU,It only takes 1 person to turn a march into a riot. Don’t be that guy
1591244398,OSU,Most of the times you can bum a book off someone else or download from online libraries like libgen
1591243169,OSU,I’m glad I’m a third year now and have secured a house
1591241608,OSU,Just park in Clintonville a few feet up every day and be a car bum. You’d be surprised at the number of workers who live in their cars in California
1591240209,OSU,"I really miss campus and I want things to go back to normal, but I just don’t see how the housing situation is going to turn into anything other than a trainwreck. 

Here’s to hoping OSU proves me wrong"
1590900721,OSU,"Man, these high street business owners don’t deserve this."
1590899920,OSU,Nah. They prob hope it damages some place so the school can say “well this piece of grass has experienced blight. Let’s put up a *lUxUrY aPaRtMeNt* to make the area seem better!” /s
1590887316,OSU,Dark mode &gt;&gt;&gt;&gt;&gt; light mode
1591068569,OSU,Wow he’s in the wrong for that
1591068269,OSU,"They shouldn’t have had the curfew tonight. At least Columbus is a little generous with their curfew, starting it at 10 pm compared with other cities that had ones starting at 6 pm. 

Hopefully tonight is the last we see of the curfew"
1591067740,OSU,"Yeah, the reason for curfew isn’t the best. But they still were violating the law. If you violate the law, expect for the police to use the proper means to disperse you from the area. 

The curfew probably shouldn’t be enacted since the looting and rioting seems to have significantly decreased. There’s a lot of laws I don’t agree with but I follow them because I don’t want to get hurt. 

Yes, there are a lot of police officers who will hurt people even when they aren’t breaking the law. Like the Lantern Reporters. But in the video, the police are absolutely in the right. 

The police can be in the right sometimes and in the wrong others. It’s not a binary opinion."
1591067453,OSU,This petition is incredibly short sided. They think they will look like heroes after cutting ties with the police but they don’t see how much this will affect our community when there’s no one to call in the case of an emergency
1591067224,OSU,"I think it’s hilarious that the people in charge of the petition are the most brainless, inconsiderate and blindsided folks at the university. If they think cutting ties with the police will be good, we’ll see how they react to all the crime going up by this time next year"
1591066901,OSU,"USG is a joke, if they think they have any power, they ought to look at their voter turnout and see how little people care about it"
1591066882,OSU,"They were violating curfew, no? 

The reason for the curfew sucks, but breaking the law is breaking the law. The police have the right to use any means to remove protestors after curfew."
1591066784,OSU,"This USG that is supposed to represent our student body is the same one petitioning to remove the Columbus Police department. I am embarrassed that the people with the least amount of brain cells and common sense are the ones representing us. But then again what else is new, I mean look at our president"
1591066642,OSU,It seems we are missing a lot of common sense now
1591230699,OSU,This is gonna be interesting
1591230447,OSU,This is where the fun begins
1591031210,OSU,"Yeah and cut ties with the only thing protecting us from late night robberies, mugging and alcohol poisoning. Do you realize how dumb you fucking sound for suggesting this shit? This isn’t a one sided battle, but everyone seems to think it is."
1591028676,OSU,USG is doing what it does best: nothing.
1591202127,OSU,"She will save the engineering department, although it won’t do us chem es any good"
1591378558,OSU,F
1591373446,OSU,"It’s also the start of flu season which complicates things a lot more. The flu spreads rather quickly on college campuses. In 2018, 25 students were diagnosed with the flu during the first week of spring semester which was a more than 50% positive rate out of all the test performed that week. 

[Source](https://www.thelantern.com/2018/01/25-cases-of-flu-in-first-week-of-spring-semester-on-ohio-states-campus/)"
1591373045,OSU,"That’s a really good point. Now that I think about it, it’s probably unlikely for students to volunteer given the sensitivity of the information and how highly regulated it is by both FERPA and HIPPA. 

Although there are some student researchers and suicide hotline operatives that work with sensitive information, so we’ll see."
1591372911,OSU,I’m really interested in how they are going to implement this. The website mentioned a pilot study of study athletes and researchers that are allowed to return to campus in a few weeks and how the results of that will influence broader testing in the fall. I’m curious how the pilot study will play out
1591368090,OSU,"Ah that makes a lot of sense. Now that 3/4ths of traditional undergraduates have an iPad, it’s be easy to implement this"
1591256500,OSU,are you ok with sharing a pillowcase?
1591065946,OSU,"It’s not that relevant but in 2019 appeals court ruled that Trump couldn’t block people from his twitter account. They argued that since Trump uses twitter to convey government information, blocking some people from seeing his tweets violated their constitutional right to government information. 

[Source](https://www.nytimes.com/2019/07/09/us/politics/trump-twitter-first-amendment.html)  

Obviously, this is way less serious b/c it’s a college student government that 90% of students don’t care about, but the same rational should apply."
1591065553,OSU,"Them recruiting non-OSU affiliated support is the most troublesome part. They don’t care how Ohio State will be affected and have absolutely no perspective on current events on campus. Take real politics for an example, you wouldn’t want Russia meddling in our election because they don’t want what’s best for the US. It’s the same for non-OSU affiliated support"
1591222498,OSU,"does anyone know why they are allowing second years to live off campus? maybe to help free up dorm to socially distance, kinda like what IU announced they were doing with all rooms being singles"
1591116139,UIUC,"""Believe me when I say I loathe white rioters just as much as, if not more than, the black rioters. Anarchists and White Supremacists are equally disgusting in my mind for the perversion they bring on our country. I never once argued that the C-U protests weren't peaceful.""

From that, I could tell you have the right intentions, just needed a little explanation/understanding. Thank you for understanding :-)"
1591114963,UIUC,"I am going to be 100% honest with you. You make a good point. I don't want to argue, I actually want to have a discussion. Because as crazy as this sounds, I think you and I might agree on more than you think (Now if you made your account like a week ago and had -400 karma, maybee not so much)

This hurts to say, especially in a climate like this, but POC have some fault for pushing this narrative of ""keeping your emotions in"", ALONG WITH the environment that they are raised in. When I would cry in public my parents would say something along the lines of ""you better not start crying"", or ""Don't cry, do something about it"". (A lot of people, not only POC can probably empathize with this). In our case part of that is because we do use repressed emotions for strength; it helped us push past slavery, Jim Crow laws, the lynchings, and more. However, there is a problem with being fueled only on repressed emotions. 
When you hit that boiling point, rationale can become less of a priority. That could describe why people are looting, because they could no longer hold in those repressed feelings of trauma, injustices, and racism.

Now like you, I am very against looting and destroying property. You'll get no arguments from me there. This is why I quickly mentioned that there needs to be more emphasis on mental health in black communities. While repressed memories and trauma can make one stronger, it can also play factors in many mental illnesses (depression and anxiety in my case). There needs to be more outlets for people to talk about these issues with therapists, get help, and come out it it both mentally stronger, and still with the purpose of fighting for change. Because if I was not blessed with going to college or receiving mental help, I would 100% be doing the same thing too, and sadly I can admit that. I was lucky, and I feel others in community should have resources to talk through these feelings so that looting can be less of a method.

Now if mental health became a priority in these communities, would that 100% fix everything? Probably not, but it can help. EVERYONE has a role to play in this, and again, multiple factors come into role. I  don't think you are a racist. I just think we need to communicate better."
1591171737,UIUC,"""I can understand that feeling of anger, even if personally I may not agree with it.""

It was literally the 4th sentence bro lmao

Try again"
1591408571,UIUC,"Having heard so many good things about JSM, signed a Fall2020 lease with them last year. In April they informed us that they sold a bunch of their campus town properties to a new Fairlawn subsidiary and when we do move in we won’t have access to the JSM gym or their campus discount program. Very bait and switch on their part."
1591408469,UIUC,"I’m an international student and 4 years ago when I was looking at apartments before coming to US I came across Latitude’s website. They did not mention their pricing anywhere on the website so I emailed them. For the next four emails or so the person kept telling me how great the facilities are and how awesome everything is but kept dodging the price issue. Then I got irritated and replied in one sentence that I only want to know the rate. Then they quoted their price. I feel that if I had not done due diligence and looked at other places, it would be easy to fall into their trap. Also when I declined the person emailed he his sister’s email id who apparently works for another rental company and said maybe she has some other options. I kept clear of both of them."
1591109269,UIUC,"That should be emphasized, and thank you for bringing that forward 🙏"
1591107166,UIUC,"I agree wholeheartedly. The inspiration from this post is that I live with 2 white roommates. With all of this happening, I got really depressed, and took it out on my roommates, saying things like ""you guys will never understand"" or ""Can I even be friends with people who don't understand my struggles."" They could have got pissed off at me, and we could have fought all day. Instead they sat me down and said ""We support you, but you need to give us a chance. We may not feel comfortable showing outward support like others, but we hope that by being your friend and treating you as equal, you can understand that we are fighting for you too.""

People show support for social issues in varying ways. While in times like these its important to step out of your comfort zone, you should never be forced to. If its wrong to think that way, then I guess I don't want to be right lol"
1591311347,UIUC,This was awesome!
1591032793,UIUC,I’m in MCB. We have a ceremony every year. I’m not sure of other departments. I have exclusively TA-ed only 300 level classes so my two cents: Respect the students. They’re barely a few years younger than you and sometimes find it hard to see you as an authority figure. So you have to show them that you respect their individuality and in return ask that they do so too. All the best for your next semester! And given your interest in teaching you should definitely try to get the CITL teaching certificate. It takes two semesters to earn so starting sooner is better.
1591031035,UIUC,"Congratulations!! Same here. The difference being that this was my fifth semester teaching. It’s a great achievement, especially so early on in your teaching career (if you wish to pursue it further). So don’t let it influence you when you teach next time. Every class is a blank slate and every semester you have to adapt to the new students and their needs. In the same vein, don’t let negative ICES comments influence you too much. As long as you put your efforts in to reaching out to the students and actually helping them, you’re excellent and outstanding for someone. Also sorry the ceremony got cancelled. I was super bummed to find out I won’t get to go up on stage."
1591193238,UIUC,"https://medium.com/@BarackObama/how-to-make-this-moment-the-turning-point-for-real-change-9fa209806067

If this aligns more with your stance, I think you and I are actually on the same page, because this is how I feel, just better explained lol"
1591139548,msu,I would maybe take CEM and CEM lab fall semester and then take bio second semester? From personal experience it was more beneficial this way and usually first semester is a bit challenging since it takes time to adjust to college from hs!
1591068198,msu,didnt think of that. shit lol
1590940442,ryerson,Would be under Academics but it isn't yet
1590940420,ryerson,Thanks for the link!
1590940322,ryerson,"Understand that everything will go back to normal eventually (and relatively soon ish). And if it does not, then none of this will matter anyways"
1590923535,ryerson,Hey hopefully we both get in soon :)
1590923399,ryerson,Did you get a refund or are they all final deposits? (Talking about the second university)
1590945057,ryerson,"Yep, for sure :)"
1591049502,ryerson,"You could hear back from them as late as a week before uni starts. I’ve heard people getting accepted by then as well, after the orientations and all. 
I’m also waitlisted there for the computer science program. Good luck!! :)"
1591178826,ryerson,🥺🥺🥺🥺
1591479838,ryerson,"I didn’t really enjoy Soc202 as much, my prof was Metcalf."
1591479714,ryerson,"I’m fortunate to have my parents and basically rely on them for most of my costs. I know it’s sad that I’m so dependant but I’m trying to be more dependant and pay for transportation. 

Once this Covid stuff dies down I’m looking for a part-time/casual job for more pocket expenses. I do think I’m pretty frugal with money and know how to stretch the dollar, and my finances are pretty good. Perks of being in business... I’m kidding, but try to apply for scholarships and bursaries as much as you can. Or maybe try becoming famous on youtube or ig and get sponsorships."
1591464232,ryerson,"Thank you so much for this. It was very informative. 

I don’t have the greatest gpa right now that’s partially why I’m worried, but I’ll try to build technical skills and speak with my coordinator. I’m trying to get over being nervous for interviews and planning to book an appointment with my coordinator because I’m missing a required course, and I heard that it’s recommended to talk them about academic planning. 

I just want to use this time wisely to do well and hopefully land a good position in the future."
1591295485,ryerson,"Are you in BM coop? 

If you got a placement, can you give some tips on how you got it? 

Some people are saying they applied to many jobs but only got a handful of interviews. I heard that landing your first job is difficult. I’m thinking of completing some boot camps now so I can improve my skills, but I’ve only had one job experience, hs volunteer, and am part of a student group. I feel like this may not be enough since summer coop/internships are going to be the most difficult to find due to competition."
1591295125,ryerson,"Sorry but if you keep up with this attitude, but I really don’t feel like uni is for you"
1591291318,ryerson,"I feel like you should have done your work/chose your program accordingly. English seems like it would be a significant part in arts &amp; contemporary studies, (and other programs) I can only imagine what it would be like in uni compared to highschool. But don’t stress if you don’t get in, there’s different opportunities like colleges and trades.

However they might be redeeming because of the covid situation, I’m not quite sure. Hope this will be a learning lesson."
1591037562,ryerson,Wish me luck I’m applying today
1591021971,ryerson,Was getting into the coop program easy? Aside from the work term? Some people are telling me it is.
1591074996,ryerson,"We should protest, maybe riot"
1591124583,ucla,ohh i see! thank u so much!
1591116706,ucla,he said if we turn it in by the 13th we will but for those that can’t do it by then yeah they’ll have to wait
1591485478,ucla,Your words have really helped me! Thank you
1591427961,ucla,"You absolute madlad, that's amazing"
1591047311,ucla,no i got my financial aid notification though
1591257052,ucla,r/unexpectedjojo
1591296046,ucla,Study economics while the country justly dismantles it. 👌🏼
1591294759,ucla,Here from UCSB and we’re getting the same treatment. It’s honestly breaking me as a person.
1591161459,ucla,he also sent an inappropriate email to a student where he said the female student was his favorite and that he’d love to hang with her and her group members once quarantine was over
1591134117,ucla,What email?
1590902056,ucla,F
1591196521,ucla,you too! thank you for being respectful
1591196019,ucla,"that’s why i put woke in quotations. and i’m glad you feel that way, we are both entitled to our own opinion :)"
1591192334,ucla,"It’s not even a matter of being “woke,” it’s having clear human decency. He suggested the student was running astray from the words of MLK, who died to fight for the black community. There were many things in the email he said that were wrong, and as a black student I sure as hell would not want him as a professor. We have a right to be outraged, we go to a top public university and I’d assume our professors would be educated enough to not say racially insensitive things. As a black female student, I would not feel safe/ comfortable in a class with that man, especially with what’s come out with the email. It’s great that you don’t feel professors need to be “woke”, but you don’t speak for everyone."
1591191786,ucla,"I just have a hard time understanding why that, if you know about the situation you wouldn’t want to get involved. This is a worldwide issue because racism is not only exclusive to the US, and other countries have started protesting as well. At the very least it takes 30 seconds to sign a petition, a petition that helps exemplify the injustices the black community faces. Silence on the other hand does nothing, and will keep us in the same place. So if everyone was silent, nothing would change therefore simply being against racism is not enough anymore, you need to actively anti-racist. So yes, if you decide to do nothing and watch everything fall apart then you are a part of the problem."
1590978483,ucla,"That video doesn’t show anyone paying black peoples to break into places and start fires like the original comment said... the only comment I can hear is to set up barricades.

Something shady is definitely up tho bc I can see that money or something was exchanged (I can see him putting his wallet back). Not enough evidence there to say what you’re saying tho."
1590970218,ucla,i’ve been staring at my laptop screen for an hour trying to do research for my final essay but i just can’t. you’re not alone
1590980563,ucla,"My dad was just arguing with me telling me that these protests are far too “coordinated” to be spontaneous, and that some organization must be behind it. 

People are underestimating how fed up with shit people in America are.  Racism and police brutality sparked this, but if these protests don’t get shut down I think it will evolve into something more. I really hope some actual change comes out of this."
1590907048,Cornell,"yeah, the policy demands are pretty fuzzy for sure. i just hope that we see long lasting change start to come out of this situation soon."
1590904353,Cornell,"i am implying that protesting is a solution people have identified. thought the question was neutral, literally just asking since i personally haven’t seen any other solutions proposed by people who condemn the protests. those do sound like good solutions, imo. but making them happen seems like the part these protests address, at least to me. because so far, it seems like your proposed solutions haven’t happened."
1590902919,Cornell,"what alternative solutions do you have in mind, then, besides these protests? what has historically worked that will work here?"
1591338633,Cornell,why are you me?
1591299618,Cornell,Professors are sending mass emails? Does that mean entire classes are being investigated or does that mean that they are taking anyone who got higher than the median and investigating them? I'm pretty out of the loop on the whole AI investigations situation.
1591299397,Cornell,Is Columbia cracking down the same way Cornell is?
1591299149,Cornell,"My STSCI 2150 teacher sent us examples of academic integrity violations and their outcomes at the beginning of the semester. The majority of the investigations where the student was found to have cheated ended with a zero on the assignment and a D in the class. While not 2800, maybe that gives you some insight into how some professors may handle academic integrity violations."
1591075664,Cornell,r/UnexpectedMulaney
1590951613,Cornell,cornell is not in NYC
1591217864,Cornell,gilovich (psych)
1591404996,Cornell,Why is an elderly man mixing it up with riot police.?
1591062454,VirginiaTech,"Climate change or a random variation in the weather, perhaps?  It was just a warm winter.  We only got below freezing a couple of times and very little accumulation the one time it actually snowed.  I lived on campus for most of my time in undergrad and enjoyed that.  My experience with Stonegate apartments my senior year was great.  I currently rent from Raines and I would only give them a 6/10 for the age of the house and how they treated me when requesting maintenance.  I hope you decide to join us!"
1591369043,VirginiaTech,"Your advisor should help you figure out which credits you need to drop. They'll probably make you drop an elective. There are lots of easy online electives you could sub in, or programs like peer mentoring (sometimes paid!) that should make up for those three credits. Student success courses are extremely boring and redundant, but also really easy. I took one as a GPA booster and just used it like a study hall."
1591340853,UCSC,Not necessarily...email the prof. Our class final was a paper and it became optional. Last Qtr. as well.
1591340761,UCSC,I'm a TA...yes...you have nothing to lose.
1590913307,UCSC,I’m not looking for an authentic fruit experience when I eat a jolly rancher
1591174084,UCSC,"Did any of you who attended that course say anything? If not, I would email your professor and let him know. It would go a long way."
1591168492,UCSC,Oooh okay that makes sense. Thank you!!
1590952790,UCSC,CHERRY. I love robitussin and any food or drink that tastes like robitussin.
1591254675,UCSC,Yes...echoing to email your professors asap. So sorry to hear about this.
1591254205,UCSC,Professors have that power. I'm a TA..we did it this quarter.
1591254112,UCSC,Professors definitely have the autonomy to do that. The last 2 quarters I TA'd students wrote letters and in one case (winter) the final requirements were significantly reduced. This quarter the final was altogether optional.
1591247069,UCSC,wow. crazy.
1590915131,UCSD,"I've been wondering the same thing for a while myself, comrade."
1591257498,UCSD,"I hate to say this, but you just have to. This is such a shitty time but when I think of it. There are others working their asses off protesting and saving lives while all I gotta do is open up a textbook. Just remove any distractions and do it."
1591160945,UCSD,"Even doing well with just the pandemic by itself is privileged. Now we have mass protests and martial law. Nice.

Students might be dealing with one or more of the following this quarter:

- Inconsiderate family members
- Inconsiderate roommates
- Loud neighbors
- Rough neighborhoods
- Different time zones
- Unsuitable housing
- Unstable internet
- No access to academic resources
- Technical issues
- Unemployment
- Essential Worker
- Food Insecurity
- Sick with covid-19
- Caring for family with covid-19
- Homeschooling/Caring for children
- Mourning the death of a loved one
- Long distance relationships
- Isolation
- Mental Illness or other disabilities
- Issues connecting with Health Provider
- Discrimination
- Police Assault
- Jail Time
- Power outages
- Arson
- Property Damage

And the list goes on."
1590983407,UCSD,"Hang out with my friends.  (Keeping a safe distance and with airflow, ofc.)  Probably meet some other queer people at the LGBTRC.  Hopefully get a girlfriend."
1591130969,UCSD,"I feel like some Profs aren’t sympathetic to the fact that many of us are experiencing some of these things for the first time. For instance, I’ve never seen protests this violent or large in size. Sure, there’s been violence and social unrest before I was born, but that’s not the point.

Additionally, it’s everyone’s first pandemic. Mass unemployment is also real. Hell, even just the fact that everything changed to zoom last minute should warrant even a little sympathy. The profs had to scramble to restructure their classes to fit an online environment and they should understand we’re struggling, too.

And to their credit, many profs are being very understanding and generous. I just wish more of them would learn to grow a heart.

Edit: I would also like to add that some of us are also minorities and/or already struggle with mental illness. For many of us, these events are not an “excuse” to perform poorly!"
1590983871,stanford,"I lived on a single-gender (male) floor my freshman year. The floor actually ended up very divided, with half of it turning into a kind of mini-frat and the other half which wasn't really about that. I personally didn't like the vibe, but as other commenters have mentioned, there was nothing preventing me from going to other floors to hang out."
1591170648,stanford,Master's student about to graduate. I feel like a car that's run out of gas and is only coasting past the finish line on momentum.
1591201413,stanford,"I'm in STEP - it's rough over here as well. I'm lucky that the program has such a generous policy toward late work, because I've barely been able to string a few sentences together for anything school-related in the past few weeks."
1591200328,stanford,Are you by chance in the school of education? I feel like I've reflected so much this year that my final reflection included a portion reflecting on the act of reflection.
1591332501,stanford,"I know a few lines from our school song (""Hail Stanford, Hail""), and when to jump if the band starts playing All Right Now at a game. That's about it."
1590938145,rutgers,"Some profs (at least in my experience with undergrad 3-hour classes &amp; summer 4-hour classes) gave 10-15 minute breaks in the middle, so if you get one, walk around, walk out of the classroom, down the hallway a bit. I realized that moving around in between made me think of the class as two 1.5 hour parts, instead of one long 3 hour stretch. It also helps to talk to other people during this break sometimes, whether it's the people in your class, or chatting with friends over text or something.

If you're allowed, bring snacks, sometimes a snack in the middle (or during the break) keeps me engaged. If you're worried about falling asleep bring a drink like coffee or tea, otherwise keep water with you &amp; take a few sips of your chosen drink every time you feel sleepy or feel like you need a bit of a mental break from the lecture.

Also try not to have multiple 3-hour classes in the same day if you can avoid it, that's draining af"
1590979230,rutgers,"wait I commented on your last post and it turns out I kinda know one of the main people on this podcast??? (not sure if it's you though lol)

I've been meaning to check the podcast out since seeing stuff about it on my social media so I finally listened and this is chill af, good job to you guys"
1591120045,rutgers,"What's concerning about having to spit in a vial to continue researching? If you're negative you have nothing to worry about, and that makes it easier for positives to be traced if there is one."
1591155145,rutgers,"I feel like even if you were to transfer to an engineering program outside of Rutgers, you might have to take an extra year anyway because there's no credit transfer guarantee between four-year universities. If you're absolutely set on engineering it might be better to try again here &amp; take the extra year, or try and major in something similar in whatever school you're in right now."
1591154837,rutgers,Is it possible to try again after a semester/year?
1591237877,rutgers,"I don't know, but try the [Unofficial Transcript](https://sis.rutgers.edu/tags/login.htm)"
1591297028,rutgers,"Yeah, something like that. Keep in mind that some of your AP credits &amp; required major classes might also cover SAS cores, so try not to repeat cores you already have (unless a class seems interesting to you or something)

The split of core vs major classes per sem is something you can mess around with until you find a good balance. Some people do all the core before moving on to major classes (not recommended unless you have no idea what you're going to major in), some do all their major classes and leave the core until the end, but most people tend to take 1-2 core classes a semester, maybe more, maybe less."
1591296446,rutgers,It's an easy A but I got a B+ because I bombed the midterm &amp; forgot 2 discussion posts. Keep up with the class and you'll be good
1591291669,rutgers,maybe add in an SAS core class
1591291629,rutgers,It's pretty good. Make sure your LRP professor is good because mine sucked
1591366534,rutgers,"I don't know about that last one. I had friends who got fucked over by the difference in architectures, since the professors grade on the ilabs specifically. A lot of text editors and IDEs have SSH built in (I use Visual Studio Code) so you can open files from your iLab account in the IDE/editor from your own computer. Takes a lot less time than having to transfer files back and forth to test them."
1591330147,rutgers,"Not taking summer courses, but I'm looking forward to Intro to AI in the fall (the grad version hopefully) and Management Information Systems"
1591405466,rutgers,"Rutgers is currently offering the entire Adobe suite for free until July 6th, this should include Adobe Acrobat Pro which has document signing capabilities"
1591399043,rutgers,i lived at katzenbach freshman year (all girls) and i really feel like i missed out on a good dorm experience because we were so closed off (the layout is partially to blame). also the corny feminism and uptightness made me feel sorta misogynistic lmao. coulda been worse tho
1590953088,rutgers,"To my understanding, Earned Sick Leave can only be used to cover scheduled hours, and it rolls over to the next year? I'm an employee too (OIT) but afaik I'm not eligible to claim sick leave because all the labs are closed &amp; the schedules for us in-person employees were cleared"
1590951726,rutgers,That is built around avoiding the flu season when the virus will probably resurge.
1590951030,rutgers,Is Lester Holts speech available in written form ?
1590947923,rutgers,I thought work-study students were going to get paid their full amount?
1591045752,rutgers,jesus
1591036734,rutgers,"If you can't see the options on mobile:

1. Currently a CS major
2. CS but switched to ITI after failing a CS class
3. CS but switched to ITI because you didn't like CS/liked ITI better
4. Currently an ITI major"
1591030318,rutgers,Long ago and far away I had my diploma delivered in the mail.  The college sent it certified mail and I had to go to the post office to pick it up.   It would be nice if Rutgers would do the same thing.
1591104262,rutgers,"Nope, if you do they'll either be forwarded to your house (USPS only) or returned to sender (Fedex/UPS/all other carriers). The only exception is if you're approved to be on campus over the summer"
1591078472,rutgers,If you're taking the semester off I believe you're off the hook for your housing contract. Not sure if it's just for the semester or for the entire year though.
1591078379,rutgers,What's the Webex 26
1591078341,rutgers,"Incoming freshmen do this thing called an APA day, where you meet with advisors and they work with you to pick possible classes for your first semester. That'll be virtual this summer. They'll let you know more about it. 

Don't do anything on any websites yet."
1591073711,rutgers,"no prob man ignore the haters, your actions are far from unappreciated and i hope youre proud :)"
1591073053,rutgers,i wish i could help. but thank you so so much for being so brave to stand up for others
1591148524,rutgers,where did you get this picture of my brain
1591148458,rutgers,Rutgers doesn't forgive GPAs until you haven't attended the school for like 10 years or some equally long period of time. Your GPA from the other school won't transfer over but your credits might.
1591279988,rutgers,And no one knows if it will be safe.
1591279368,rutgers,"My friends who lived in all-female dorms had to deal with guys sneaking in &amp; camping out on the floors (one of my friends' floors had guys who would sneak in and sit outside the bathrooms all day, and the RA thought it wasn't a problem so nothing happened to kick them out). Other friends had issues with guys peeking into the windows, loitering around entrances, etc. I feel like living in an all-women dorm makes you more of a target than if you were in a regular co-ed dorm, so I went co-ed &amp; have had absolutely no issues, even with walking back from the bathroom etc"
1591319718,rutgers,"Yeah :/ if you needed to take Calc 1, iirc a D in precalc would've counted as the prereq, but afaik there's no way to reverse the P/NC decision you made so you will have to retake precalc if it's needed for your major / for Calc 1"
1591319501,rutgers,Your first semester class registration is taken care of during APA days
1591319421,rutgers,"A 65 is usually a D, which is considered NC under the P/NC rules"
1591319362,rutgers,PMed
1591378239,rutgers,"From what I understand, you can use it until July 6th and then don't have access to it anymore"
1591377468,rutgers,The entire Adobe Creative Cloud suite is [free for Rutgers students until July 6th](https://software.rutgers.edu/product/3619)
1591375910,rutgers,"So, on your housing application, you pick SASHP Honors Housing and then you rank your campuses in order from most to least wanted (each campus has one building / part of a building for Honors students only). Roommates are usually found on Facebook (check the Rutgers Class of 2024 facebook group if there is one), or on the various incoming freshman GroupMe's/Discords/Snap groups, and mention that you're an SASHP student looking for someone also in SASHP because if you're in honors housing, you can't room with a non-honors roommate."
1591453081,rutgers,"The dining halls do take credit, but processing the credit card takes longer than meal swipes/RUExpress because they use a different machine for it. It'd be way easier to load money on RUExpress and then just use that tbh"
1591452957,rutgers,"BAIT has a bigger focus on data science than ITI does &amp; approaches it from a business standpoint (eg using analytics/statistics/data science tools like R on business data &amp; making decisions using it), and you have to finish the business core classes with it. That tends to be a turn-off for a lot of people, but if you're interested in business you'll like it.

Also, if you want to do BAIT in any capacity (whether that's as a double major, or doing BAIT primarily and minoring in CS), you need to be enrolled in RBS. Your only business option as an SAS student is minoring in business administration (maybe also entrepreneurship, but I think that's a newer one &amp; not sure if it's available for SAS). Of those two, the business administration minor is more ""useful"", but still very very limited compared to a full business major.

I'm double majoring in BAIT/CS right now so you can PM me with more questions if you have them :)"
1591369435,rutgers,thanks!!
1590905501,ufl,"Look at  [https://www.facebook.com/groups/1426781487351274/](https://www.facebook.com/groups/1426781487351274/)   
I know there is also another similar group on Facebook."
1591049929,ufl,"Not to mention everything could all fall apart because of the virus in the 3 months remaining between now and the start of classes. I certainly don't blame UF for waiting so long, but it does leave tens of thousands waiting for a really long time."
1591158673,ufl,"Yeah, i really enjoyed being with the Spikeball crew.  
Search Ryan Oddo on the app.  
Edit: last year they tried to meet up regularly on Fridays at Flavet Field"
1591149897,ufl,Thank you :)
1591149539,ufl,"July 10th, per an email TAPS sent out a while ago.  
But they're right. There is no reserved parking. Once you buy a pass, you can park in that decal color but there's no guarantee there's a space for your car."
1591334075,ufl,Hmm so do you think they might have some and are waiting to let people know?
1591330713,ufl,Did they say they were waiting to let people on the waitlist know if they had a contract at a later date?
1591389017,ufl,"It looks nice. You will probably pick up Calculus 1 very easily from lectures and homework. Gen Chem is pretty fun, honestly, even the lab work. Art Appreciation might be more interesting than you realized it would be."
1591071603,ufl,"Beaty is really limited; if you don't have a first day selection, you're probably not going to make it into Beaty. Call Housing if you're really that concerned as you already have the 4-person group.  
Edit: not to mention, they've already declare there will be no triple rooms on campus. No word on Beaty Towers, which houses more students than any other dorm on campus...We really don't know how they're doing housing for the fall."
1591067722,ufl,"Like, seriously. How are we supposed to be focusing on whatever we're taking when there's a literal pandemic and protests/riots in major cities across the nation.Not sure if I'm alone but i feel like there are definitely bigger issues right now than my Physics or Diffy Q class...

Edit: I've heard some people deleting social media (twitter especially) because they got so sick of it. That's an option at least."
1591065269,ufl,"Yeah, in one of the groupme's im in, lots of people were expressing how they feel so weird studying for exams this week when there's a literal pandemic going on and protest/riots going on. Others want to join the cause but academics gotta come first. :'(  
2020 has literally been the worst year that I've been alive."
1590886704,ufl,MAP2302 is completely professor oriented so if you get a good one it will be easier and a bad one it will be hard. EML2023 is cake and actually decently fun. PHY2048 is hard.
1590886545,ufl,"East Hall (engineering LLC) only has location going for it. Probably the best location wise on campus, but one of the worst in terms of housing. I stayed there my freshman year. In all honesty, the LLC for engineering does not help you really with engineering classes. 90% of your classes will probably be a 10 minute walk away besides physics building classes."
1591210363,ufl,Thanks a lot for the info!
1591374060,ufl,"Ah it’s across the street from UF. Basically extra tutoring, and teaching for the major courses in UF most people take, particularly STEM courses. They give packets for each lecture/exam, for the course, and the tutor explains the various concepts, different types of problems you can encounter, and helps you learn the material. 

Many people at UF swear by study edge for doing well in these courses. I can tell you I would’ve never passed physics at UF without them. You’ll find a lot of the STEM courses at UF, and these large assembly lecture courses aren’t taught very well."
1591372979,ufl,"It’s not bad at all. I would highly recommend study edge for gen chem and calc 1. I did fine in both of them without it, but study edge is a huge help. If it’s too expensive for you, find a friend who is also in those classes, and split the cost. He/she can pick up the packet (when I was at UF, if you asked them for a 2nd packet they’d give it to you, but don’t think they do that anymore), copy the info the packet into a notebook and watch the videos together."
1591196898,ufl,"And this is why you don’t post stupid stuff on your social media. It comes back and bites you, may it be school, job offers, internships and etc."
1591195290,ufl,The spikeball app in the app store
1591190327,ufl,"I’m really interested in this program too, if anyone can also answer: 

Would you be at an disadvantage if you weren’t a IT, Comp Sci, or Business major? Also does the program assume you’ve taken calc 1-3, diff eq, and linear algebra,m, or like before the program is open to any majors, and will teach you what you need to know?"
1591457309,ufl,"50K? Unless you’re out of state, I don’t think people are paying anywhere near that much in tuition. I don’t even think the normal 2 year masters at UF costs 50K unless it’s maybe an MBA.

Frankly I’ve learned more useful skills, via Udemy, YouTube, khan academy, and many other internet sources but the fact is this. You need a college degree in this day and age. Many, if not majority of jobs these days require a college degree (not necessarily a specific type of one unless it’s engineering, or something that absolutely requires a specific type of degree). Skills are extremely important, but without a college degree these days, you’re gonna have a much harder time than the average degree holding person in finding a job. This isn’t the 70s, 80s, or 90s anymore where you didn’t really need a college degree to get a good job without much hassle."
1591389995,uofm,"They claim their page is fair because the accused have the platform and the right to respond to the allegations. Then, anytime someone questions the merits of the account or an allegation, they get blocked... the person running the account holds all of the power here.

Most, if not all, of the stories are probably true. But on the other hand, some tweets are just a name and a picture. That’s it!! No allegation the accused could even defend themselves against, and no accountability for this self appointed judge."
1591450859,uofm,I loved Wilma’s. :-(
1591364236,UMD,"Testudo doesn’t forgive, Testudo doesn’t forget."
1591320544,UMD,BSCI223.
1591418992,UMD,"Seems like some random student got a hold of your past assignments and partially plagiarized it. It would seem impossible to prove, given that some professors take “exemplary” assignments to work as a sort of rubric for students to use in their class. These are often taken from students like you, who have already taken the class.

If I were you, I’d maintain my innocence. Their is no rational way for them to prove you have anything to do with someone you don’t know stealing your work."
1591418358,UMD,"Yeah, I took BSCI202 over the summer. If their wasn’t a lecture exam that week then their was probably a lab exam (and vice versa)."
1591021079,UMD,You already know
1591320067,UMD,"Dr. Buchner.

He really went above and beyond to help students do well in his class and on the exams. He hosted online reviews for hours the night before a major test. He was also pleasant to talk to about grading, allowed students to earn back lost points on exams if they could defend their answers with credible sources."
1591319671,UMD,Housing complexes are where the big bucks are at I imagine. Would be nice if the city stopped letting developers put up high-end apartments and maybe put up something that would serve some utility to a person of modest means.
1591374576,UMD,"You? Empower?

Look at the downvotes, take a hint, and fuck off."
1591373688,UMD,"Wow... just wow.

Is this the hill upon which you want to die on?

I’m beginning to get the vibe that your in this picture."
1591373049,UMD,"Views the world differently?

In what reality is it okay to mock the extrajudicial murder of a black man at the hands of law enforcement?

I’ll adjust my glasses, you try your best to pull the pointy white hood off your head."
1591372314,UMD,"Don’t feed the troll.

You’re well with your right to call out this kind of blatant racism and insensitivity."
1591367331,UMD,"Wrong! 
UMD is actually pretty PC
 I'm black by the way"
1591067862,Concordia,Is it actually a shit school? For a chem major as well? I’m starting grade twelve and am researching schools. I could get into almost any school in Canada (sorry for sounding like a pompous bitch). I wanna go to med school if that makes any difference. I’m the polar opposite of a party gal and don’t want to attend a party school.
1591154902,Concordia,Hey what is wrong with you? I thought he/she talked about Fall 2020. I looked on the website actually and I gave the correct info but for the wrong question. You stop assuming stuff because you're too bitchy to care about.
1591141924,Concordia,"Thank you for the help! I’m just trying to find an undergrad school that I’ll be happy at and go to a reputable school for an md. Worst comes to worst, I would get a doctorate and work as a professor in research. I live by DAL but do to family problems I wanna get outta here quickly. Looking at studying in Quebec or Ontario right now :)"
1591141776,Concordia,"Yes, it’s just the competition I’m unsure of. I know that the quality of the education is one of the best in Canada. I’m just not sure if I want to have to essentially kill myself over grades before I even step into a medical school. I’ve heard it’s sometimes better to pick a slightly “easier” school and get a great GPA than suffering at the university of Toronto, for example."
1591141568,Concordia,Why is administration so bad? I know bio is easier for a good gpa but I absolutely love chemistry. Thanks for the advice!
1591141479,Concordia,"That actually sounds like a major I’d be super interested in, thanks a lot for that suggestion! I’ll have to check it out. The problem is that I’m from the east coast and obviously can’t travel to Quebec for a while to see campuses. I’m just hesitant over McGill because I don’t want to have to kill myself over my grades until after I get into medical school haha. And I’m not sure if I’d like a smaller class size or whether I’m okay just being a number in a lecture hall. I do enjoy learning independently though and am thriving with online courses. Thanks for the assistance!"
1591140424,Concordia,Nope. I guess it's November 1st because of the covid scenario.
1591208082,uvic,You need a doctors note if you’re not registered with CAL. I have a history with depression and anxiety and uvic knows this (past academic concessions) but despite telling them how difficult and anxiety inducing seeing the doctor is right now they said they can’t accept the academic concession without a doctors note.
1591412014,UCalgary,I took all the mandatory highschool courses in BC and have a two year hospitality diploma. I don’t know which way would be the best way to move forward with my education.
1591411592,UCalgary,"25 years old, mature applicant .."
1591408800,UCalgary,"Thank you for your comment. The advisor recommend me to do the open study since I can collect credits for the university, but I am not sure what to study for high school courses since they looked only at my college diploma GPA. Where do I do upgrading? I eventually want to get into uoc so I am trying my best to just to get in somewhere and figure things out as I go.."
1591458987,UCalgary,"Thank you for your smart answer, that would be my only option. I got it !!"
1591183202,csMajors,I’m in the same boat as you. Lost my summer internship this year. Hoping for the best next year :)
1591331937,csMajors,"Usually for those cases where I need a refresher of ""what arguments does this data structure's method take / what does it return?"" or more recently, me figuring out the ins and outs of Python functions since I've only done Leetcode in Java before now."
1591330889,csMajors,"For Leetcode I go for quality over quantity. Instead of doing a bunch of problems every day, I pick 2-3 to solve (usually 1 that I know how to do, and 1-2 that I have no idea where to begin), and then do an in-depth ""study"" of those problems - trying them on my own, drawing out my thinking on paper, referring to the documentation of whatever language I'm using, etc. Then, once I've either solved the problem or tried 5-6 times unsuccessfully, I look at other people's solutions (people write entire Medium articles on these questions and I find those super helpful) and learn all the different methods that problem can be solved &amp; the time/space efficiency of each solution. I find that I'm always learning new stuff when I do that (especially since I'm Leetcoding in Python for the first time this summer) and that I retain the information longer &amp; feel like I've actually learned something."
1591128889,csMajors,"I'd send a reply to the email chain with a short message thanking your friend for the referral, and then introduce yourself to the recruiter; like where you go to school, your major, classes/projects you've done recently, a sentence or two about why you'd want to work at the recruiter's company. Attach your resume &amp; a link to your Github or LinkedIn. And then from there, keep up correspondence with the recruiter only so that your friend doesn't get spammed."
1591241416,csMajors,"That's the same with me. I can do really well in the programming problems we are given, but I flunked the exam. I really want to improve too"
